nombre_entidad,nit_entidad,departamento,ciudad,localizaci_n,orden,sector,rama,entidad_centralizada,proceso_de_compra,id_contrato,referencia_del_contrato,estado_contrato,codigo_de_categoria_principal,descripcion_del_proceso,tipo_de_contrato,modalidad_de_contratacion,justificacion_modalidad_de,fecha_de_firma,fecha_de_inicio_del_contrato,fecha_de_fin_del_contrato,condiciones_de_entrega,tipodocproveedor,es_grupo,es_pyme,habilita_pago_adelantado,liquidaci_n,obligaci_n_ambiental,obligaciones_postconsumo,reversion,origen_de_los_recursos,destino_gasto,valor_del_contrato,valor_de_pago_adelantado,valor_facturado,valor_pendiente_de_pago,valor_pagado,valor_amortizado,valor_pendiente_de,valor_pendiente_de_ejecucion,saldo_cdp,saldo_vigencia,espostconflicto,dias_adicionados,puntos_del_acuerdo,pilares_del_acuerdo,urlproceso,nacionalidad_representante_legal,tipo_de_identificaci_n_representante_legal,g_nero_representante_legal,presupuesto_general_de_la_nacion_pgn,sistema_general_de_participaciones,sistema_general_de_regal_as,recursos_propios_alcald_as_gobernaciones_y_resguardos_ind_genas_,recursos_de_credito,recursos_propios,ultima_actualizacion,codigo_entidad,fecha_inicio_liquidacion,fecha_fin_liquidacion,objeto_del_contrato,duraci_n_del_contrato,el_contrato_puede_ser_prorrogado,fecha_de_notificaci_n_de_prorrogaci_n,tipo_de_documento_ordenador_del_gasto,tipo_de_documento_supervisor,tipo_de_documento_ordenador_de_pago,documentos_tipo,descripcion_documentos_tipo,direcci_n_de_ejecuci_n_del_contrato,criterios_de_sostenibilidad_ambiental,requisitos_ambientales_en_las_especificaciones_t_cnicas,criterios_ambientales_en_la_evaluaci_n_de_las_ofertas,obligaciones_contractuales_o_poscontractuales_a_nivel_ambiental,uso_de_etiquetado_ecol_gico,obligaciones_posconsumo,fecha_inicio_obligaciones_posconsumo,fecha_fin_obligaciones_posconsumo,fecha_inicio_reversi_n,fecha_fin_reversi_n
"Ministerio de las Culturas, las Artes y los Saberes",830034348,Distrito Capital de Bogotá,Bogotá,"Colombia, Bogotá,  Bogotá",Nacional,Cultura,Ejecutivo,Centralizada,CO1.BDOS.1902407,CO1.PCCNTR.2452645,2332-2021,En ejecución,V1.72151511,Realizar el mantenimiento preventivo y correctivo a la consola; RPU; strips Lustr; nodos; sistema y puntos de red marca ETC que hacen parte del sistema de iluminacio´n; ubicadas en el escenario principal del Teatro Colo´n.,Prestación de servicios,Mínima cuantía,Presupuesto inferior al 10% de la menor cuantía,2021-04-22T00:00:00.000,2021-04-28T00:00:00.000,2021-11-30T00:00:00.000,No Definido,NIT,No,Si,No,No,No,No,No,Distribuido,Inversión,6000000,0,6000000,0,6000000,0,0,0,6000000,0,No,0,No aplica,No aplica,"{""url"": ""https://community.secop.gov.co/Public/Tendering/OpportunityDetail/Index?noticeUID=CO1.NTC.1906043&isFromPublicArea=True&isModal=true&asPopupView=true""}",CO,Sin Descripcion,Mujer,6000000,0,0,0,0,0,,700637010,,,Realizar el mantenimiento preventivo y correctivo a la consola; RPU; strips Lustr; nodos; sistema y puntos de red marca ETC que hacen parte del sistema de iluminacio´n; ubicadas en el escenario principal del Teatro Colo´n.,7 Mes(es),No,,Cédula de Ciudadanía,Cédula de Ciudadanía,No definido,No definido,No definido,"Carrera 8 # 8 -55
Bogotá
Distrito Capital de Bogotá
COLOMBIA",No definido,No definido,No definido,No definido,No definido,No,,,,
CONTRALORIA MUNICIPAL DE VALLEDUPAR,892300310,Cesar,Valledupar,"Colombia,  Cesar ,  Valledupar",Nacional,Servicio Público,Ejecutivo,Centralizada,CO1.BDOS.9887159,CO1.PCCNTR.9277540,CO1.PCCNTR.9277540,En ejecución,V1.80111701,PRESTACIÓN DE SERVICIOS PROFESIONALES DE UN ABOGADO PARA APOYAR EL TRÁMITE DE LAS DENUNCIAS QUE SE ADELANTAN EN LA OFICINA DE CONTROL FISCAL DE LA CONTRALORÍA MUNICIPAL,Prestación de servicios,Contratación directa,Servicios profesionales y apoyo a la gestión,2026-01-30T00:00:00.000,2026-02-02T00:00:00.000,2026-05-02T00:00:00.000,NXTWY.DLVY.2,Cédula de Ciudadanía,No,No,No,No,No,No,No,Distribuido,Funcionamiento,7800000,0,7800000,2600000,5200000,0,0,2600000,0,0,No,0,No aplica,No aplica,"{""url"": ""https://community.secop.gov.co/Public/Tendering/OpportunityDetail/Index?noticeUID=CO1.NTC.9909110&isFromPublicArea=True&isModal=true&asPopupView=true""}",CO,Sin Descripcion,Mujer,0,0,0,7800000,0,0,,712468198,,,PRESTACIÓN DE SERVICIOS PROFESIONALES DE UN ABOGADO PARA APOYAR EL TRÁMITE DE LAS DENUNCIAS QUE SE ADELANTAN EN LA OFICINA DE CONTROL FISCAL DE LA CONTRALORÍA MUNICIPAL,3 Mes(es),Si,2026-05-02T00:00:00.000,No definido,No definido,No definido,No,No definido,"CALLE 14 #6-44 PISO 3
Valledupar
Cesar
COLOMBIA",No definido,No definido,No definido,No definido,No definido,No,,,,
REDDI COLOMBIA,901066091,Valle del Cauca,Cali,"Colombia,  Valle del Cauca ,  Cali",Corporación Autónoma,Ciencia Tecnología,Corporación Autónoma,Centralizada,CO1.BDOS.7827323,CO1.PCCNTR.7658275,FV-FM 2025-03-01,Cerrado,V1.80111600,Solicitud de contratación de talento humano para: Prestación de Servicios en Gestión de Proyectos en la actividad de Apoyo al desarrollo de un prototipo inicial del simulado utilizando herramientas de visión computacional e inteligencia artificial; e implementar pruebas internas para garantizar su f,Prestación de servicios,Contratación régimen especial,Regla aplicable,2025-03-20T00:00:00.000,2025-03-20T00:00:00.000,2025-06-30T00:00:00.000,No Definido,Cédula de Ciudadanía,No,No,No,No,No,No,No,Distribuido,Inversión,4000000,0,0,4000000,0,0,0,4000000,0,0,No,0,No aplica,No aplica,"{""url"": ""https://community.secop.gov.co/Public/Tendering/OpportunityDetail/Index?noticeUID=CO1.NTC.7842255&isFromPublicArea=True&isModal=true&asPopupView=true""}",CO,Sin Descripcion,Hombre,0,0,4000000,0,0,0,2025-12-03T00:00:00.000,718868326,,,Solicitud de contratación de talento humano para: Prestación de Servicios en Gestión de Proyectos en la actividad de Apoyo al desarrollo de un prototipo inicial del simulado utilizando herramientas de visión computacional e inteligencia artificial; e implementar pruebas internas para garantizar su funcionalidad básica en el marco de la ejecución del proyecto denominado Plataforma de simulación apoyada en IA para el aprendizaje practico en cirugía laparoscópica.,75 Dia(s),No,,No definido,No definido,No definido,No,No definido,"Calle 8 No; 3 - 14 piso 17
Cali
Valle del Cauca
COLOMBIA",No definido,No definido,No definido,No definido,No definido,No,,,,
SERVICIO GEOLOGICO COLOMBIANO**,899999294,Distrito Capital de Bogotá,Bogotá,"Colombia, Bogotá,  Bogotá",Nacional,Minas y Energía,Ejecutivo,Centralizada,CO1.BDOS.1818807,CO1.PCCNTR.2319281,487-2021,Modificado,V1.77111506,El contratista se compromete con el SERVICIO GEOLÓGICO COLOMBIANO a prestar servicios profesionales realizando actividades concernientes al proyecto LICENCIAMIENTO Y CONTROL DE INSTALACIONES RADIACTIVAS desarrollado por el Grupo de Licenciamiento y Control de la Dirección de Asuntos Nucleares,Prestación de servicios,Contratación directa,Servicios profesionales y apoyo a la gestión,2021-03-03T00:00:00.000,2021-03-04T00:00:00.000,2021-12-31T00:00:00.000,No Definido,Cédula de Ciudadanía,No,No,No,No,No,No,No,Distribuido,Funcionamiento,40516480,0,40516480,0,40516480,0,0,0,32851200,0,No,0,No aplica,No aplica,"{""url"": ""https://community.secop.gov.co/Public/Tendering/OpportunityDetail/Index?noticeUID=CO1.NTC.1817162&isFromPublicArea=True&isModal=true&asPopupView=true""}",CO,Sin Descripcion,Mujer,40516480,0,0,0,0,0,2021-11-04T00:00:00.000,700765068,,,El contratista se compromete con el SERVICIO GEOLÓGICO COLOMBIANO a prestar servicios profesionales realizando actividades concernientes al proyecto LICENCIAMIENTO Y CONTROL DE INSTALACIONES RADIACTIVAS desarrollado por el Grupo de Licenciamiento y Control de la Dirección de Asuntos Nucleares,296 Dia(s),No,,No definido,No definido,No definido,No definido,No definido,"DIAGONAL 53 NO. 34-53
Bogotá
Distrito Capital de Bogotá
COLOMBIA",No definido,No definido,No definido,No definido,No definido,No,,,,
GOBERNACION DEL DEPARTAMENTO DEL CESAR,892399999,Cesar,Valledupar,"Colombia,  Cesar ,  Valledupar",Territorial,Servicio Público,Ejecutivo,Descentralizada,CO1.BDOS.3626891,CO1.PCCNTR.4323030,2022 01 0100,terminado,V1.43233204,ADQUISICIÓN Y RENOVACIÓN DE SUSCRIPCIONES Y SOPORTE DE SOPHOS SECURITY GATEWAY 330 PARA LA GOBERNACIÓN DEL DEPARTAMENTO DEL CESAR,Compraventa,Mínima cuantía,Presupuesto inferior al 10% de la menor cuantía,2022-12-16T00:00:00.000,2022-12-19T00:00:00.000,2022-12-28T00:00:00.000,No Definido,NIT,No,Si,No,Si,No,No,No,Distribuido,Funcionamiento,58890006,0,58890006,0,58890006,0,0,0,60706957,0,No,0,No aplica,No aplica,"{""url"": ""https://community.secop.gov.co/Public/Tendering/OpportunityDetail/Index?noticeUID=CO1.NTC.3637021&isFromPublicArea=True&isModal=true&asPopupView=true""}",CO,Sin Descripcion,No Definido,0,0,0,58890006,0,0,2024-01-11T00:00:00.000,702413246,2022-12-28T00:00:00.000,2022-12-29T00:00:00.000,ADQUISICIÓN Y RENOVACIÓN DE SUSCRIPCIONES Y SOPORTE DE SOPHOS SECURITY GATEWAY 330 PARA LA GOBERNACIÓN DEL DEPARTAMENTO DEL CESAR,10 Dia(s),No,,Cédula de Ciudadanía,No definido,No definido,No,No definido,"CALLE 16 # 12 - 120 EDIFICIO ALFONSO LOPEZ MIECHELSEN
Valledupar
Cesar
COLOMBIA",No definido,No definido,No definido,No definido,No definido,No,,,,
CONTRALORIA GENERAL DE LA REPUBLICA - CGR - GERENCIA DEPARTAMENTAL VALLE DEL CAUCA,899999067,Valle del Cauca,Cali,"Colombia,  Valle del Cauca ,  Cali",Nacional,No aplica/No pertenece,Corporación Autónoma,Centralizada,CO1.BDOS.7109447,CO1.PCCNTR.7126479,VAL-MC-008-2024,terminado,V1.72101507,CONTRATAR EL MANTENIMIENTO; REPARACION Y ADECUACION DE LAS INSTALACIONES DE LA GERENCIA DEPARTAMENTAL COLEGIADA DEL VALLE DEL CAUCA DE LA CONTRALORIA GENERAL DE LA REPUBLICA; UBICADAS EN LA CALLE 23 AN No. 3-95 EDIFICIO SAN PAOLO; PISOS DEL 4 AL 10 EN LA CIUDAD DE CALI; DE ACUERDO A LAS CONDICIONES,Prestación de servicios,Mínima cuantía,Presupuesto inferior al 10% de la menor cuantía,2024-12-12T00:00:00.000,2024-12-19T00:00:00.000,2025-01-20T00:00:00.000,NXTWY.DLVY.6,NIT,No,Si,No,Si,No,No,No,Distribuido,Funcionamiento,81109939,0,0,81109939,0,0,0,81109939,0,0,No,0,No aplica,No aplica,"{""url"": ""https://community.secop.gov.co/Public/Tendering/OpportunityDetail/Index?noticeUID=CO1.NTC.7126792&isFromPublicArea=True&isModal=true&asPopupView=true""}",CO,Sin Descripcion,Hombre,81109939,0,0,0,0,0,2026-09-07T00:00:00.000,708710264,2025-01-21T00:00:00.000,2025-07-20T00:00:00.000,CONTRATAR EL MANTENIMIENTO; REPARACION Y ADECUACION DE LAS INSTALACIONES DE LA GERENCIA DEPARTAMENTAL COLEGIADA DEL VALLE DEL CAUCA DE LA CONTRALORIA GENERAL DE LA REPUBLICA; UBICADAS EN LA CALLE 23 AN No. 3-95 EDIFICIO SAN PAOLO; PISOS DEL 4 AL 10 EN LA CIUDAD DE CALI; DE ACUERDO A LAS CONDICIONES TECNICAS EXIGIDAS EN EL ANEXO 2 DE LA PRESENTE INVITACIÓN; DURANTE LA VIGENCIA 2024,22 Dia(s),No,,No definido,No definido,No definido,No,No definido,"Calle 23 A Norte No. 3 - 95 Edificio San Paolo
Cali
Valle del Cauca
COLOMBIA",No definido,No definido,No definido,No definido,No definido,No,,,,
SENA REGIONAL RISARALDA Grupo de Apoyo Administrativo Mixto//,899999034,Risaralda,Pereira,"Colombia,  Risaralda ,  Pereira",Nacional,Educación Nacional,Ejecutivo,Centralizada,CO1.BDOS.9654791,CO1.PCCNTR.9183422,CO1.PCCNTR.9183422,En ejecución,V1.80111600,PRESTAR SUS SERVICIOS COMO INSTRUCTOR EN LOS PROGRAMAS DE FORMACIÓN PROFESIONAL INTEGRAL EN EL NIVEL Y MODALIDAD QUE LE SEA ASIGNADA EN EL CENTRO DE DISEÑO E INNOVACIÓN TECNOLÓGICA INDUSTRIAL DE LA REGIONAL RISARALDA PARA LA VIGENCIA 2026 (	ENRIQUE LOW MURTRA-INTERACTUAR EN EL CONTEXTO PRODUCTIVO Y,Prestación de servicios,Contratación directa,Servicios profesionales y apoyo a la gestión,2026-01-28T00:00:00.000,2026-02-02T00:00:00.000,2026-12-12T00:00:00.000,NXTWY.DLVY.2,Cédula de Ciudadanía,No,No,No,No,No,No,No,Distribuido,Inversión,48796219,0,37426226,16107490,32688729,0,0,16107490,4777977909,0,No,0,No aplica,No aplica,"{""url"": ""https://community.secop.gov.co/Public/Tendering/OpportunityDetail/Index?noticeUID=CO1.NTC.9749988&isFromPublicArea=True&isModal=true&asPopupView=true""}",CO,Cédula de Ciudadanía,Mujer,48796219,0,0,0,0,0,,703932673,,,PRESTAR SUS SERVICIOS COMO INSTRUCTOR EN LOS PROGRAMAS DE FORMACIÓN PROFESIONAL INTEGRAL EN EL NIVEL Y MODALIDAD QUE LE SEA ASIGNADA EN EL CENTRO DE DISEÑO E INNOVACIÓN TECNOLÓGICA INDUSTRIAL DE LA REGIONAL RISARALDA PARA LA VIGENCIA 2026 (	ENRIQUE LOW MURTRA-INTERACTUAR EN EL CONTEXTO PRODUCTIVO Y SOCIAL DE ACUERDO CON PRINCIPIOS ÉTICOS PARA LA CONSTRUCCIÓN DE UNA CULTURA DE PAZ),309 Dia(s),No,,Cédula de Ciudadanía,Cédula de Ciudadanía,Cédula de Ciudadanía,No,No definido,"CALLE 26 TRASVERSAL 7 BARRIO SANTA ISABEL
Dosquebradas
Risaralda
COLOMBIA",No definido,No definido,No definido,No definido,No definido,No,,,,
SANTIAGO DE CALI DISTRITO ESPECIAL - SECRETARIA DE INFRAESTRUCTURA,890399011,Valle del Cauca,Cali,"Colombia,  Valle del Cauca ,  Cali",Territorial,No aplica/No pertenece,Ejecutivo,Centralizada,CO1.BDOS.3033382,CO1.PCCNTR.3811137,4151.010.26.1.1075-2022,Cerrado,V1.80111501,PRESTACIÓN DE SERVICIOS DE APOYO A LA GESTION; EN TODAS LAS ACTIVIDADES QUE SE REQUIERAN EN LA SECRETARÍA DE INFRAESTRUCTURA. EN EL MARCO DEL PROYECTO DE INVERSIÓN DENOMINADO . BP-26003017.,Prestación de servicios,Contratación directa,Servicios profesionales y apoyo a la gestión,2022-07-18T00:00:00.000,2022-07-21T00:00:00.000,2022-12-31T00:00:00.000,No Definido,Cédula de Ciudadanía,No,No,No,No,No,No,No,Distribuido,Inversión,11808000,0,0,11808000,0,0,0,11808000,11674746995,0,No,0,No aplica,No aplica,"{""url"": ""https://community.secop.gov.co/Public/Tendering/OpportunityDetail/Index?noticeUID=CO1.NTC.3039846&isFromPublicArea=True&isModal=true&asPopupView=true""}",CO,Cédula de Ciudadanía,Hombre,0,0,0,11808000,0,0,2023-07-07T00:00:00.000,702511981,,,PRESTACIÓN DE SERVICIOS DE APOYO A LA GESTION; EN TODAS LAS ACTIVIDADES QUE SE REQUIERAN EN LA SECRETARÍA DE INFRAESTRUCTURA. EN EL MARCO DEL PROYECTO DE INVERSIÓN DENOMINADO . BP-26003017.,6 Mes(es),No,,Cédula de Ciudadanía,No definido,No definido,No,No definido,"Avenida 2 N No. 10 - 70 Piso 12 
Cali
Valle del Cauca
COLOMBIA",No definido,No definido,No definido,No definido,No definido,No,,,,
SUBRED INTEGRADA DE SERVICIOS DE SALUD SUR OCCIDENTE ESE.,900959048,Distrito Capital de Bogotá,No Definido,"Colombia, Bogotá, No Definido",Territorial,Salud y Protección Social,Ejecutivo,Centralizada,CO1.BDOS.7133290,CO1.PCCNTR.7109960,9189-2024,Modificado,V1.85101604,Prestar servicios profesionales a la gestión administrativa y/o asistencial en el area PSPIC dentro de los diferentes procesos y procedimientos de la SUBRED INTEGRADA DE SERVICIOS DE SALUD SUR OCCIDENTE E.S.E. de acuerdo al requerimiento institucional. de acuerdo al requerimiento institucional y en,Prestación de servicios,Contratación régimen especial,Regla aplicable,2024-12-07T00:00:00.000,2024-12-07T00:00:00.000,2025-09-30T00:00:00.000,NXTWY.DLVY.6,Cédula de Ciudadanía,No,No,No,No,No,No,No,Distribuido,Funcionamiento,44215908,0,0,44215908,0,0,0,44215908,0,0,No,30,No aplica,No aplica,"{""url"": ""https://community.secop.gov.co/Public/Tendering/OpportunityDetail/Index?noticeUID=CO1.NTC.7152578&isFromPublicArea=True&isModal=true&asPopupView=true""}",CO,Sin Descripcion,Mujer,0,0,0,44215908,0,0,2025-08-30T00:00:00.000,702486788,,,Prestar servicios profesionales a la gestión administrativa y/o asistencial en el area PSPIC dentro de los diferentes procesos y procedimientos de la SUBRED INTEGRADA DE SERVICIOS DE SALUD SUR OCCIDENTE E.S.E. de acuerdo al requerimiento institucional. de acuerdo al requerimiento institucional y en el marco del convenio FFDS-CD-4175-2024,15 Dia(s),Si,,No definido,No definido,No definido,No,No definido,"Calle 9 No. 39 - 46
Bogotá
Distrito Capital de Bogotá
COLOMBIA",No definido,No definido,No definido,No definido,No definido,No,,,,
ALCALDÍA MUNICIPIO DE BELLO,890980112,Antioquia,Bello,"Colombia,  Antioquia ,  Bello",Territorial,No aplica/No pertenece,Ejecutivo,Descentralizada,CO1.BDOS.5092243,CO1.PCCNTR.5491088,CD-1483-2023,Modificado,V1.80111620,Prestacion De Servicios Profesionales Como Abogada En El Marco Del Programa Desarrollar Estrategias Para La Reactivacion Economica Del Municipio Con Enfasis En El Periodo Poscovid 19 De La Gerencia De Desarrollo Economico Del Municipio De Bello.,Prestación de servicios,Contratación directa,Servicios profesionales y apoyo a la gestión,2023-10-26T00:00:00.000,2023-11-20T00:00:00.000,2023-12-31T00:00:00.000,A convenir,Cédula de Ciudadanía,No,No,No,No,No,No,No,Distribuido,Inversión,5261666,0,0,5261666,0,0,0,5261666,610000000,0,No,0,No aplica,No aplica,"{""url"": ""https://community.secop.gov.co/Public/Tendering/OpportunityDetail/Index?noticeUID=CO1.NTC.5105000&isFromPublicArea=True&isModal=true&asPopupView=true""}",CO,Cédula de Ciudadanía,Mujer,0,0,0,5261666,0,0,2023-11-26T00:00:00.000,703426569,,,Prestacion De Servicios Profesionales Como Abogada En El Marco Del Programa Desarrollar Estrategias Para La Reactivacion Economica Del Municipio Con Enfasis En El Periodo Poscovid 19 De La Gerencia De Desarrollo Economico Del Municipio De Bello.,45 Dia(s),No,,Cédula de Ciudadanía,No definido,No definido,No,No definido,"Carera 50 # 50 - 63 Edificio Concejo Municipal 
Bello
Antioquia
COLOMBIA",No definido,No definido,No definido,No definido,No definido,No,,,,
RESGUARDO INDIGENA KANKUAMO,900874999,No Definido,No Definido,"Colombia, No Definido, No Definido",Territorial,agricultura,Corporación Autónoma,Centralizada,CO1.BDOS.6563466,CO1.PCCNTR.6703537,CO1.PCCNTR.6703537,En ejecución,V1.60103600,"Aunar esfuerzo para la ejecución del proyecto inversión No. SGP-RIK02-A062-2024; denominado: Fortalecimiento de la escuela de música y
artes propios del pueblo kankuamo.",Decreto 092 de 2017,Contratación régimen especial (con ofertas),Decreto 092 de 2017,2024-08-30T00:00:00.000,2024-09-02T00:00:00.000,2024-12-30T00:00:00.000,No Definido,NIT,No,Si,No,Si,No,No,No,Recursos Propios,Inversión,231000000,0,0,231000000,0,0,0,231000000,231000000,0,No,0,No aplica,No aplica,"{""url"": ""https://community.secop.gov.co/Public/Tendering/OpportunityDetail/Index?noticeUID=CO1.NTC.6573288&isFromPublicArea=True&isModal=true&asPopupView=true""}",CO,Sin Descripcion,No Definido,0,0,0,0,0,231000000,,700696040,2025-01-01T00:00:00.000,2025-04-30T00:00:00.000,"Aunar esfuerzo para la ejecución del proyecto inversión No. SGP-RIK02-A062-2024; denominado: Fortalecimiento de la escuela de música y
artes propios del pueblo kankuamo.",4 Mes(es),No,,Cédula de Ciudadanía,Cédula de Ciudadanía,No definido,No,No definido,"CARRERA 9 NUMERO 3-69 CASA INDIGENA VALLEDUPAR
Valledupar
Cesar
COLOMBIA",No definido,No definido,No definido,No definido,No definido,No,,,,
HOSPITAL SAN CRISTOBAL DE CIENAGA EMPRESA SOCIAL DEL ESTADO,800130625,Magdalena,Ciénaga,"Colombia,  Magdalena ,  Ciénaga",Territorial,Salud y Protección Social,Corporación Autónoma,Descentralizada,CO1.BDOS.10218123,CO1.PCCNTR.9483517,1235-2026,En ejecución,V1.80111600,PRESTACION DE SERVICIOS PROFESIONALES COMO FISIOTERAPEUTA INTEGRAL EN LOS SERVICIOS DE REHABILITACION; AREA DE TERAPIA FISICA Y RESPIRATORIA; URGENCIAS; HOSPITALIZACION; TRASLADO DE PACIENTES CRITICOS Y CONSULTA EXTERNA EN EL HOSPITAL SAN CRISTÓBAL DE CIÉNAGA EMPRESA SOCIAL DEL ESTADO,Decreto 092 de 2017,Contratación régimen especial,Decreto 092 de 2017,2026-05-04T00:00:00.000,2026-05-04T00:00:00.000,2026-05-31T00:00:00.000,NXTWY.DLVY.6,Cédula de Ciudadanía,No,No,No,No,No,No,No,Recursos Propios,Funcionamiento,2500000,0,0,2500000,0,0,0,2500000,0,0,No,0,No aplica,No aplica,"{""url"": ""https://community.secop.gov.co/Public/Tendering/OpportunityDetail/Index?noticeUID=CO1.NTC.10248836&isFromPublicArea=True&isModal=true&asPopupView=true""}",CO,Cédula de Ciudadanía,Mujer,0,0,0,0,0,2500000,,704356377,,,PRESTACION DE SERVICIOS PROFESIONALES COMO FISIOTERAPEUTA INTEGRAL EN LOS SERVICIOS DE REHABILITACION; AREA DE TERAPIA FISICA Y RESPIRATORIA; URGENCIAS; HOSPITALIZACION; TRASLADO DE PACIENTES CRITICOS Y CONSULTA EXTERNA EN EL HOSPITAL SAN CRISTÓBAL DE CIÉNAGA EMPRESA SOCIAL DEL ESTADO,30 Dia(s),No,,Cédula de Ciudadanía,Cédula de Ciudadanía,Cédula de Ciudadanía,No,No definido,"CALLE 5A CRA 21
Ciénaga
Magdalena
COLOMBIA",No definido,No definido,No definido,No definido,No definido,No,,,,
UNIDAD CENTRAL DEL VALLE DEL CAUCA,891900853,Valle del Cauca,Tuluá,"Colombia,  Valle del Cauca ,  Tuluá",Territorial,Educación Nacional,Ejecutivo,Centralizada,CO1.BDOS.9840900,CO1.PCCNTR.9229978,046-2026,En ejecución,V1.80111501,Prestación de servicios de apoyo a la gestión para realizar la depuración; conciliación y saneamiento de los saldos de anticipos por ventas de bienes y servicios de la Unidad Central del Valle del Cauca; durante la vigencia actual.,Prestación de servicios,Contratación directa,Servicios profesionales y apoyo a la gestión,2026-01-28T00:00:00.000,2026-01-30T00:00:00.000,2026-12-21T00:00:00.000,No Definido,Cédula de Ciudadanía,No,No,No,No,No,No,No,Recursos Propios,Funcionamiento,32473100,0,0,32473100,0,0,0,32473100,0,0,No,0,No aplica,No aplica,"{""url"": ""https://community.secop.gov.co/Public/Tendering/OpportunityDetail/Index?noticeUID=CO1.NTC.9860503&isFromPublicArea=True&isModal=true&asPopupView=true""}",CO,Sin Descripcion,Hombre,0,0,0,0,0,32473100,,711601906,,,Prestación de servicios de apoyo a la gestión para realizar la depuración; conciliación y saneamiento de los saldos de anticipos por ventas de bienes y servicios de la Unidad Central del Valle del Cauca; durante la vigencia actual.,321 Dia(s),No,,Cédula de Ciudadanía,Cédula de Ciudadanía,Cédula de Ciudadanía,No,No definido,"CARRERA 27 No. 48-144
Tuluá
Valle del Cauca
COLOMBIA",No definido,No definido,No definido,No definido,No definido,No,,,,
CANAL CAPITAL,830012587,Distrito Capital de Bogotá,No Definido,"Colombia, Bogotá, No Definido",Territorial,Cultura,Corporación Autónoma,Centralizada,CO1.BDOS.10401967,CO1.PCCNTR.9610358,0215-2026,En ejecución,V1.83121701,"367DPG - Proveer de manera autónoma e independiente servicios de asistencia técnica
independiente para la implementación; validación; seguimiento y gestión de procesos de closed caption o subtitulación oculta en los contenidos audiovisuales de Canal Capital y sus otras señales.",Prestación de servicios,Contratación régimen especial,Regla aplicable,2026-07-01T00:00:00.000,2026-07-01T00:00:00.000,2026-11-30T00:00:00.000,NXTWY.DLVY.6,Cédula de Ciudadanía,No,No,No,No,No,No,No,Recursos Propios,Funcionamiento,15480000,0,0,15480000,0,0,0,15480000,0,0,No,0,No aplica,No aplica,"{""url"": ""https://community.secop.gov.co/Public/Tendering/OpportunityDetail/Index?noticeUID=CO1.NTC.10438650&isFromPublicArea=True&isModal=true&asPopupView=true""}",CO,Cédula de Ciudadanía,Mujer,0,0,0,0,0,15480000,,705377810,,,"367DPG - Proveer de manera autónoma e independiente servicios de asistencia técnica
independiente para la implementación; validación; seguimiento y gestión de procesos de closed caption o subtitulación oculta en los contenidos audiovisuales de Canal Capital y sus otras señales.",5 Mes(es),No,,Cédula de Ciudadanía,Cédula de Ciudadanía,No definido,No,No definido,"Av EL DORADO No 66 63 PISO 5
Bogotá
Distrito Capital de Bogotá
COLOMBIA",No definido,No definido,No definido,No definido,No definido,No,,,,
MINCIENCIAS,899999296,Distrito Capital de Bogotá,Bogotá,"Colombia, Bogotá,  Bogotá",Nacional,Ciencia Tecnología,Corporación Autónoma,Centralizada,CO1.BDOS.1669563,CO1.PCCNTR.2139152,156-2021,terminado,V1.80101506,Prestación de servicios de apoyo a la gestión a la oficina de Tecnologías y Sistemas de Información en actividades propias del ciclo de vida de software; orientadas hacia la integración tecnológica; mejora funcional y de experiencia de usuario de las aplicaciones del Ministerio,Prestación de servicios,Contratación directa,Servicios profesionales y apoyo a la gestión,2021-01-20T00:00:00.000,2021-01-21T00:00:00.000,2021-06-10T00:00:00.000,Como acordado previamente,Cédula de Ciudadanía,No,No,No,No,No,No,No,Distribuido,Funcionamiento,11900000,0,11900000,0,11900000,0,0,0,30090000,0,No,0,No aplica,No aplica,"{""url"": ""https://community.secop.gov.co/Public/Tendering/OpportunityDetail/Index?noticeUID=CO1.NTC.1665877&isFromPublicArea=True&isModal=true&asPopupView=true""}",CO,Sin Descripcion,No Definido,11900000,0,0,0,0,0,2022-04-05T00:00:00.000,700296015,,,Prestación de servicios de apoyo a la gestión a la oficina de Tecnologías y Sistemas de Información en actividades propias del ciclo de vida de software; orientadas hacia la integración tecnológica; mejora funcional y de experiencia de usuario de las aplicaciones del Ministerio,141 Dia(s),No,,Cédula de Ciudadanía,Cédula de Ciudadanía,No definido,No definido,No definido,"Av. Calle 26 No. 57-83; Torre 8
Bogotá
Distrito Capital de Bogotá
COLOMBIA",No definido,No definido,No definido,No definido,No definido,No,,,,
SECRETARIA DE EDUCACION DEL DISTRITO,8999990619,Distrito Capital de Bogotá,No Definido,"Colombia, Bogotá, No Definido",Territorial,Educación Nacional,Ejecutivo,Centralizada,CO1.BDOS.7322363,CO1.PCCNTR.7243770,CO1.PCCNTR.7243770,Borrador,V1.80111601,PRESTAR SERVICIOS DE APOYO A LA GESTION EN LA OFICINA DE CONTROL DISCIPLINARIO DE JUZGAMIENTO; BRINDANDO SOPORTE ASISTENCIAL Y SECRETARIAL; EN LOS PROCESOS DISCIPLINARIOS ADELANTADOS POR ESTA DEPENDENCIA,Prestación de servicios,Contratación directa,Servicios profesionales y apoyo a la gestión,,,2025-08-31T00:00:00.000,NXTWY.DLVY.2,Cédula de Ciudadanía,No,No,No,No,No,No,No,Distribuido,Inversión,17418750,0,0,17418750,0,0,0,17418750,0,0,No,0,No aplica,No aplica,"{""url"": ""https://community.secop.gov.co/Public/Tendering/OpportunityDetail/Index?noticeUID=CO1.NTC.7346860&isFromPublicArea=True&isModal=true&asPopupView=true""}",CO,Cédula de Ciudadanía,Mujer,0,0,0,17418750,0,0,,701321135,,,PRESTAR SERVICIOS DE APOYO A LA GESTION EN LA OFICINA DE CONTROL DISCIPLINARIO DE JUZGAMIENTO; BRINDANDO SOPORTE ASISTENCIAL Y SECRETARIAL; EN LOS PROCESOS DISCIPLINARIOS ADELANTADOS POR ESTA DEPENDENCIA,225 Dia(s),Si,2025-07-31T00:00:00.000,No definido,No definido,No definido,No,No definido,"Avenida el Dorado No. 66-63
Bogotá
Distrito Capital de Bogotá
COLOMBIA",No definido,No definido,No definido,No definido,No definido,No,,,,
ICBF REGIONAL ANTIOQUIA,899999239,Antioquia,Medellín,"Colombia,  Antioquia ,  Medellín",Nacional,Salud y Protección Social,Ejecutivo,Centralizada,CO1.BDOS.5614637,CO1.PCCNTR.5916834,05004392024,terminado,V1.93141500,"PRESTAR LOS SERVICIOS DE EDUCACIÓN INICIAL EN EL MARCO DE LA ATENCIÓN INTEGRAL A LA PRIMERA
INFANCIA EN EL SERVICIO HOGARES INFANTILES - HI; DE CONFORMIDAD CON EL MANUAL OPERATIVO DE LA
MODALIDAD INSTITUCIONAL; EL LINEAMIENTO TÉCNICO PARA LA ATENCIÓN A LA PRIMERA INFANCIA Y LAS
DIRECTRICES ESTABLECI",Otro,Contratación régimen especial,Regla aplicable,2024-02-08T00:00:00.000,2024-02-09T00:00:00.000,2024-12-31T00:00:00.000,No Definido,NIT,No,No,No,No,No,No,No,Distribuido,Funcionamiento,799500011,0,0,799500011,0,0,0,799500011,0,0,No,0,No aplica,No aplica,"{""url"": ""https://community.secop.gov.co/Public/Tendering/OpportunityDetail/Index?noticeUID=CO1.NTC.5622710&isFromPublicArea=True&isModal=true&asPopupView=true""}",CO,Cédula de Ciudadanía,Mujer,799500011,0,0,0,0,0,2025-06-09T00:00:00.000,704148691,,,"PRESTAR LOS SERVICIOS DE EDUCACIÓN INICIAL EN EL MARCO DE LA ATENCIÓN INTEGRAL A LA PRIMERA
INFANCIA EN EL SERVICIO HOGARES INFANTILES - HI; DE CONFORMIDAD CON EL MANUAL OPERATIVO DE LA
MODALIDAD INSTITUCIONAL; EL LINEAMIENTO TÉCNICO PARA LA ATENCIÓN A LA PRIMERA INFANCIA Y LAS
DIRECTRICES ESTABLECIDAS POR EL ICBF; EN ARMONÍA CON LA POLÍTICA DE ESTADO PARA EL DESARROLLO
INTEGRAL DE LA PRIMERA INFANCIA DE CERO A SIEMPRE.",322 Dia(s),No,,No definido,No definido,No definido,No,No definido,"CALLE 45 #79-141
Medellín
Antioquia
COLOMBIA",No definido,No definido,No definido,No definido,No definido,No,,,,
INSTITUTO MUNICIPAL DEL DEPORTE Y LA RECREACION DE PALMIRA,815000340,Valle del Cauca,No Definido,"Colombia,  Valle del Cauca , No Definido",Territorial,deportes,Corporación Autónoma,Centralizada,CO1.BDOS.6468007,CO1.PCCNTR.6599602,IMDP-24-PS-311,Cerrado,V1.80111600,PRESTACION DE SERVICIOS DE APOYO A LA GESTION COMO COORDINADOR DEL SISTEMA MUNICIPAL DE MOVILIDAD PARA EL DEPORTE DEL IMDER PALMIRA,Prestación de servicios,Contratación directa,Servicios profesionales y apoyo a la gestión,2024-08-02T00:00:00.000,2024-08-05T00:00:00.000,2024-12-15T00:00:00.000,NXTWY.DLVY.6,Cédula de Ciudadanía,No,No,No,No,No,No,No,Distribuido,Inversión,9000000,0,0,9000000,0,0,0,9000000,7000000,0,No,0,No aplica,No aplica,"{""url"": ""https://community.secop.gov.co/Public/Tendering/OpportunityDetail/Index?noticeUID=CO1.NTC.6488812&isFromPublicArea=True&isModal=true&asPopupView=true""}",CO,Sin Descripcion,Mujer,0,9000000,0,0,0,0,2025-02-25T00:00:00.000,704258151,,,PRESTACION DE SERVICIOS DE APOYO A LA GESTION COMO COORDINADOR DEL SISTEMA MUNICIPAL DE MOVILIDAD PARA EL DEPORTE DEL IMDER PALMIRA,105 Dia(s),No,,Cédula de Ciudadanía,Cédula de Ciudadanía,No definido,No,No definido,"CALLE 27 # 35 - 00
Palmira
Valle del Cauca
COLOMBIA",No definido,No definido,No definido,No definido,No definido,No,,,,
AGENCIA NACIONAL DE TIERRAS - ANT,900948953,Distrito Capital de Bogotá,Bogotá,"Colombia, Bogotá, Bogotá",Nacional,agricultura,Ejecutivo,Descentralizada,CO1.BDOS.728360,CO1.PCCNTR.814440,254 - 2019,Cerrado,V1.80121700,Prestar sus servicios profesionales como abogado a la Dirección de Gestión Jurídica de Tierras apoyando la sustanciación y trámite de lo los procesos agrarios de Extinción del Derecho de Dominio; Deslinde de Tierras de la Nación; Recuperación de Baldíos indebidamente Ocupados; Clarificación de la Pr,Prestación de servicios,Contratación directa,Servicios profesionales y apoyo a la gestión,2019-02-08T00:00:00.000,2019-02-07T00:00:00.000,2019-05-31T00:00:00.000,Como acordado previamente,Cédula de Ciudadanía,No,No,No,No,No,No,No,Distribuido,Inversión,19100000,0,19100000,0,19100000,0,0,0,21169167,0,No,0,No aplica,No aplica,"{""url"": ""https://community.secop.gov.co/Public/Tendering/OpportunityDetail/Index?noticeUID=CO1.NTC.718999&isFromPublicArea=True&isModal=true&asPopupView=true""}",CO,Cédula de Ciudadanía,No Definido,0,0,0,0,0,0,2024-01-15T00:00:00.000,702066010,,,Prestar sus servicios profesionales como abogado a la Dirección de Gestión Jurídica de Tierras apoyando la sustanciación y trámite de lo los procesos agrarios de Extinción del Derecho de Dominio; Deslinde de Tierras de la Nación; Recuperación de Baldíos indebidamente Ocupados; Clarificación de la Propiedad y de la Formalización de la propiedad privada rural.,Dia(s),Si,2019-05-31T00:00:00.000,No definido,No definido,No definido,No definido,No definido,"Calle 43 # 57 - 41
Bogotá
Distrito Capital de Bogotá
COLOMBIA",No definido,No definido,No definido,No definido,No definido,No,,,,
FONDANE - DIRECCION TERRITORIAL CENTRO,800072977,Distrito Capital de Bogotá,Bogotá,"Colombia, Bogotá,  Bogotá",Nacional,Información Estadística,Corporación Autónoma,Centralizada,CO1.BDOS.2328652,CO1.PCCNTR.2956971,CO1.PCCNTR.2956971,Cerrado,V1.80111500,CONV_ENTIC_21_2021_HOGARES_LOG_TH_TU_OT_Prestación de servicios de apoyo a la gestión para realizar la sensibilización urbana a los hogares para la posterior recolección de información de la Encuesta TIC Hogares 2021.,Prestación de servicios,Contratación directa,Servicios profesionales y apoyo a la gestión,2021-10-22T00:00:00.000,2021-10-25T00:00:00.000,2021-12-24T00:00:00.000,Como acordado previamente,Cédula de Ciudadanía,No,No,No,No,No,No,No,Distribuido,Inversión,4498170,0,0,4498170,0,0,0,4498170,75831390,0,No,0,No aplica,No aplica,"{""url"": ""https://community.secop.gov.co/Public/Tendering/OpportunityDetail/Index?noticeUID=CO1.NTC.2334009&isFromPublicArea=True&isModal=true&asPopupView=true""}",CO,Sin Descripcion,Hombre,0,0,0,4498170,0,0,2023-12-13T00:00:00.000,704972363,,,CONV_ENTIC_21_2021_HOGARES_LOG_TH_TU_OT_Prestación de servicios de apoyo a la gestión para realizar la sensibilización urbana a los hogares para la posterior recolección de información de la Encuesta TIC Hogares 2021.,60 Dia(s),No,,Cédula de Ciudadanía,Cédula de Ciudadanía,No definido,No,No definido,"Inírida
Inírida
Guainía
COLOMBIA",No definido,No definido,No definido,No definido,No definido,No,,,,
ESCUELA TECNOLÓGICA INSTITUTO TÉCNICO CENTRAL,860523694,Distrito Capital de Bogotá,Bogotá,"Colombia, Bogotá,  Bogotá",Nacional,Educación Nacional,Ejecutivo,Descentralizada,CO1.BDOS.8442032,CO1.PCCNTR.8108693,276-2025,Modificado,V1.80111600,PRESTACIÓN DE SERVICIOS DE APOYO A LA GESTIÓN COMO LABORATORISTA-INSTRUCTOR PARA LAS SALAS DE SISTEMAS DEL ÁREA DE TALLERES Y LABORATORIOS SEGUNDO SEMESTRE DE LA ESCUELA TECNOLÓGICA INSTITUTO TÉCNICO CENTRAL.,Prestación de servicios,Contratación directa,Servicios profesionales y apoyo a la gestión,2025-07-21T00:00:00.000,2025-07-21T00:00:00.000,2025-12-15T00:00:00.000,NXTWY.DLVY.2,Cédula de Ciudadanía,No,No,No,No,No,No,No,Distribuido,Funcionamiento,13409377.47,0,12022200.66,1387176.81,12022200.66,0,0,1387176.81,661827079,0,No,0,No aplica,No aplica,"{""url"": ""https://community.secop.gov.co/Public/Tendering/OpportunityDetail/Index?noticeUID=CO1.NTC.8471670&isFromPublicArea=True&isModal=true&asPopupView=true""}",CO,Sin Descripcion,Hombre,13409377,0,0,0,0,0,2025-11-07T00:00:00.000,700964026,,,PRESTACIÓN DE SERVICIOS DE APOYO A LA GESTIÓN COMO LABORATORISTA-INSTRUCTOR PARA LAS SALAS DE SISTEMAS DEL ÁREA DE TALLERES Y LABORATORIOS SEGUNDO SEMESTRE DE LA ESCUELA TECNOLÓGICA INSTITUTO TÉCNICO CENTRAL.,6 Mes(es),Si,,Cédula de Ciudadanía,Cédula de Ciudadanía,No definido,No,No definido,"CALLE 13 No. 16 - 74
Bogotá
Distrito Capital de Bogotá
COLOMBIA",No definido,No definido,No definido,No definido,No definido,No,,,,
MINISTERIO DEL DEPORTE,899999306,Distrito Capital de Bogotá,Bogotá,"Colombia, Bogotá,  Bogotá",Nacional,deportes,Ejecutivo,Centralizada,CO1.BDOS.7158643,CO1.PCCNTR.7130960,COS-969-2024,Modificado,V1.95122302,AUNAR ESFUERZOS ENTRE EL MINISTERIO DEL DEPORTE Y LOS ORGANISMOS DE ACCIÓN COMUNAL PARA LA RECUPERACIÓN Y/O MEJORAMIENTO DE ESCENARIOS RECREO DEPORTIVOS.,Otro,Contratación directa,Contratos o convenios Interadministrativos (valor cero),2024-12-18T00:00:00.000,2024-12-31T00:00:00.000,2026-08-30T00:00:00.000,NXTWY.DLVY.2,NIT,No,No,No,Si,Si,No,No,Distribuido,Inversión,168750000,0,0,168750000,0,0,0,168750000,36599499026,0,No,242,No aplica,No aplica,"{""url"": ""https://community.secop.gov.co/Public/Tendering/OpportunityDetail/Index?noticeUID=CO1.NTC.7189550&isFromPublicArea=True&isModal=true&asPopupView=true""}",CO,Cédula de Ciudadanía,Hombre,150000000,0,0,0,0,18750000,2025-12-23T00:00:00.000,700613045,2026-08-31T00:00:00.000,2027-02-28T00:00:00.000,AUNAR ESFUERZOS ENTRE EL MINISTERIO DEL DEPORTE Y LOS ORGANISMOS DE ACCIÓN COMUNAL PARA LA RECUPERACIÓN Y/O MEJORAMIENTO DE ESCENARIOS RECREO DEPORTIVOS.,608 Dia(s),No,,Cédula de Ciudadanía,Cédula de Ciudadanía,No definido,Si,"Convenios solidarios - Régimen artículo 95, Ley 2166 de 2021","Avenida Cra 68 No 55-65
Bogotá
Distrito Capital de Bogotá
COLOMBIA",No,No definido,No definido,No definido,No definido,No,,,,
DISTRITO ESPECIAL INDUSTRIAL Y PORTUARIO DE BARRANQUILLA,890102018,Atlántico,Barranquilla,"Colombia,  Atlántico ,  Barranquilla",Territorial,Servicio Público,Ejecutivo,Centralizada,CO1.BDOS.2522951,CO1.PCCNTR.3213013,CD-57-2022-1356,Cerrado,V1.80111600,PRESTACION DE SERVICIOS PROFESIONALES PARA BRINDAR ASISTENCIA APOYO Y ACOMPAÑAMIENTO EN LAS ACTIVIDADES MISIONALES DE LA SECRETARIA DISTRITAL DE CONTROL URBANO Y ESPACIO PUBLICO,Prestación de servicios,Contratación directa,Servicios profesionales y apoyo a la gestión,2022-01-13T00:00:00.000,2022-01-14T00:00:00.000,2022-12-31T00:00:00.000,No Definido,Cédula de Ciudadanía,No,No,No,No,No,No,No,Distribuido,Inversión,35800000,0,35800000,0,35800000,0,0,0,1573450000,0,No,0,No aplica,No aplica,"{""url"": ""https://community.secop.gov.co/Public/Tendering/OpportunityDetail/Index?noticeUID=CO1.NTC.2533937&isFromPublicArea=True&isModal=true&asPopupView=true""}",CO,Sin Descripcion,No Definido,0,0,0,35800000,0,0,2023-12-14T00:00:00.000,702442096,,,PRESTACION DE SERVICIOS PROFESIONALES PARA BRINDAR ASISTENCIA APOYO Y ACOMPAÑAMIENTO EN LAS ACTIVIDADES MISIONALES DE LA SECRETARIA DISTRITAL DE CONTROL URBANO Y ESPACIO PUBLICO,352 Dia(s),No,,Cédula de Ciudadanía,Cédula de Ciudadanía,No definido,No,No definido,"Calle 34 N°43-31
Barranquilla
Atlántico
COLOMBIA",No definido,No definido,No definido,No definido,No definido,No,,,,
ESAP TERRITORIAL ATLÁNTICO,800117522,Atlántico,Barranquilla,"Colombia,  Atlántico ,  Barranquilla",Nacional,Educación Nacional,Ejecutivo,Centralizada,CO1.BDOS.7884364,CO1.PCCNTR.7704702,ESAP-ATL-PS-061-2025,Cerrado,V1.93151500,PRESTAR SERVICIOS PROFESIONALES ORIENTADOS A LA PLANIFICACIÓN; GESTIÓN Y DESARROLLO DE ACTIVIDADES RELACIONADAS CON ASESORÍAS; CONSULTORÍAS Y ASISTENCIAS TÉCNICAS ACORDADAS CON LAS ENTIDADES TERRITORIALES. ESTAS ACCIONES SE EJECUTARÁN EN EL MARCO DE LA ESTRATEGIA TÉCNICA TERRITORIAL; ASEGURANDO EL C,Prestación de servicios,Contratación directa,Servicios profesionales y apoyo a la gestión,2025-03-27T00:00:00.000,2025-03-28T00:00:00.000,2025-10-27T00:00:00.000,No Definido,Cédula de Ciudadanía,No,No,No,No,No,No,No,Recursos Propios,Inversión,32809000,0,32809000,0,32809000,0,0,0,557753000,0,No,0,No aplica,No aplica,"{""url"": ""https://community.secop.gov.co/Public/Tendering/OpportunityDetail/Index?noticeUID=CO1.NTC.7901113&isFromPublicArea=True&isModal=true&asPopupView=true""}",CO,Cédula de Ciudadanía,Hombre,0,0,0,0,0,32809000,2026-04-21T00:00:00.000,704901107,,,PRESTAR SERVICIOS PROFESIONALES ORIENTADOS A LA PLANIFICACIÓN; GESTIÓN Y DESARROLLO DE ACTIVIDADES RELACIONADAS CON ASESORÍAS; CONSULTORÍAS Y ASISTENCIAS TÉCNICAS ACORDADAS CON LAS ENTIDADES TERRITORIALES. ESTAS ACCIONES SE EJECUTARÁN EN EL MARCO DE LA ESTRATEGIA TÉCNICA TERRITORIAL; ASEGURANDO EL CUMPLIMIENTO DE LOS LINEAMIENTOS DEFINIDOS POR LA DIRECCIÓN DE FORTALECIMIENTO Y APOYO A LA GESTIÓN ESTATAL (DFAGE) Y LA SUBDIRECCIÓN NACIONAL DE PROYECCIÓN INSTITUCIONAL (SNPI),7 Mes(es),No,,Cédula de Ciudadanía,Cédula de Ciudadanía,No definido,No,No definido,"Cra 54 59-248
Barranquilla
Atlántico
COLOMBIA",No definido,No definido,No definido,No definido,No definido,No,,,,
MUNICIPIO DE PEREIRA- OFICIAL,891480030,Risaralda,Pereira,"Colombia,  Risaralda ,  Pereira",Territorial,Servicio Público,Ejecutivo,Descentralizada,CO1.BDOS.4655229,CO1.PCCNTR.5164661,4173-2023,En ejecución,V1.80111701,PRESTAR LOS SERVICIOS DE APOYO A LA GESTION PARA REALIZACION DE VISITAS DE VERIFICACION DE LAS CONDICIONES SOCIOECONOMICAS REQUERIDAS DESDE EL SISTEMA DE IDENTIFICACION DE POTENCIALES BENEFICIARIOS DE PROGRAMAS SOCIALES SISBEN EN EL MUNICIPIO DE PEREIRA,Prestación de servicios,Contratación directa,Servicios profesionales y apoyo a la gestión,2023-06-28T00:00:00.000,2023-06-30T00:00:00.000,2023-12-29T00:00:00.000,No Definido,Cédula de Ciudadanía,No,No,No,No,No,No,No,Distribuido,Inversión,10806000,0,10806000,0,10806000,0,0,0,10806000,0,No,0,No aplica,No aplica,"{""url"": ""https://community.secop.gov.co/Public/Tendering/OpportunityDetail/Index?noticeUID=CO1.NTC.4661441&isFromPublicArea=True&isModal=true&asPopupView=true""}",CO,Sin Descripcion,Mujer,0,0,0,10806000,0,0,,702259557,,,PRESTAR LOS SERVICIOS DE APOYO A LA GESTION PARA REALIZACION DE VISITAS DE VERIFICACION DE LAS CONDICIONES SOCIOECONOMICAS REQUERIDAS DESDE EL SISTEMA DE IDENTIFICACION DE POTENCIALES BENEFICIARIOS DE PROGRAMAS SOCIALES SISBEN EN EL MUNICIPIO DE PEREIRA,6 Mes(es),No,,Cédula de Ciudadanía,Cédula de Ciudadanía,Cédula de Ciudadanía,No,No definido,"Cr 7 No. 18-55
Pereira
Risaralda
COLOMBIA",No definido,No definido,No definido,No definido,No definido,No,,,,
Departamento Administrativo de Planeación - Alcaldía de Tuluá,891900272,Valle del Cauca,Tuluá,"Colombia,  Valle del Cauca ,  Tuluá",Territorial,Servicio Público,Ejecutivo,Centralizada,CO1.BDOS.3257263,CO1.PCCNTR.4009173,260.20.1-142,Cerrado,V1.93151507,PRESTACION DE SERVICIOS COMO TECNICO EN EL DEPARTAMENTO ADMINISTRATIVO DE PLANEACION; PARA REALIZAR ACTIVIDADES CORRESPONDIENTES A CAPTURAR; PROCESAR; INTEGRAR; ANALIZAR Y PROYECTAR INFORMACIÓN REFERENTE A LOS PROCESOS JURIDICOS,Prestación de servicios,Contratación directa,Servicios profesionales y apoyo a la gestión,2022-09-13T00:00:00.000,2022-09-29T00:00:00.000,2022-12-15T00:00:00.000,NXTWY.DLVY.2,Cédula de Ciudadanía,No,No,No,No,No,No,No,Distribuido,Inversión,7525000,0,0,7525000,0,0,0,7525000,7525000,0,No,0,No aplica,No aplica,"{""url"": ""https://community.secop.gov.co/Public/Tendering/OpportunityDetail/Index?noticeUID=CO1.NTC.3260000&isFromPublicArea=True&isModal=true&asPopupView=true""}",CO,Sin Descripcion,Mujer,0,0,0,7525000,0,0,,712856459,,,PRESTACION DE SERVICIOS COMO TECNICO EN EL DEPARTAMENTO ADMINISTRATIVO DE PLANEACION; PARA REALIZAR ACTIVIDADES CORRESPONDIENTES A CAPTURAR; PROCESAR; INTEGRAR; ANALIZAR Y PROYECTAR INFORMACIÓN REFERENTE A LOS PROCESOS JURIDICOS,90 Dia(s),No,,Cédula de Ciudadanía,Cédula de Ciudadanía,No definido,No,No definido,"Calle 28 No. 19-38 
Tuluá
Valle del Cauca
COLOMBIA",No definido,No definido,No definido,No definido,No definido,No,,,,
GOBIERNO DEPARTAMENTAL,8001136727,Tolima,No Definido,"Colombia,  Tolima , No Definido",Territorial,Servicio Público,Ejecutivo,Centralizada,CO1.BDOS.9407603,CO1.PCCNTR.8795519,0158 DEL 07 DE ENERO DE 2026,En ejecución,V1.80111701,PRESTAR POR SUS PROPIOS MEDIOS Y CON PLENA AUTONOMÍA LOS SERVICIOS PROFESIONALES DE UN PROFESIONAL EN SALUD OCUPACIONAL PARA APOYAR LA DIRECCIÓN DE TALENTO HUMANO Y LA SECRETARÍA ADMINISTRATIVA Y DE TALENTO HUMANO DEL DEPARTAMENTO DEL TOLIMA.,Prestación de servicios,Contratación directa,Servicios profesionales y apoyo a la gestión,2026-01-08T00:00:00.000,2026-01-15T00:00:00.000,2026-07-13T00:00:00.000,NXTWY.DLVY.2,Cédula de Ciudadanía,No,No,No,No,No,No,No,Distribuido,Funcionamiento,28800000,0,28800000,28800000,0,0,0,28800000,0,0,No,0,No aplica,No aplica,"{""url"": ""https://community.secop.gov.co/Public/Tendering/OpportunityDetail/Index?noticeUID=CO1.NTC.9422261&isFromPublicArea=True&isModal=true&asPopupView=true""}",CO,Cédula de Ciudadanía,Mujer,0,0,0,28800000,0,0,,702192410,,,PRESTAR POR SUS PROPIOS MEDIOS Y CON PLENA AUTONOMÍA LOS SERVICIOS PROFESIONALES DE UN PROFESIONAL EN SALUD OCUPACIONAL PARA APOYAR LA DIRECCIÓN DE TALENTO HUMANO Y LA SECRETARÍA ADMINISTRATIVA Y DE TALENTO HUMANO DEL DEPARTAMENTO DEL TOLIMA.,180 Dia(s),No,,Cédula de Ciudadanía,Cédula de Ciudadanía,No definido,No,No definido,"carrera 3  calle entre calle 10 y 11 edificio gobernacion del tolima
Ibagué
Tolima
COLOMBIA",No definido,No definido,No definido,No definido,No definido,No,,,,
ALCALDIA MUNICIPAL DE EL COLEGIO,890680162,Cundinamarca,El Colegio,"Colombia,  Cundinamarca ,  El Colegio",Territorial,Servicio Público,Ejecutivo,Descentralizada,CO1.BDOS.9835314,CO1.PCCNTR.9221285,CD-PS-APG-276-2026,terminado,V1.70122007,PRESTACIÓN DE SERVICIO DE ASISTENCIA TECNICA Y APOYO EN EL AREA VETERINARIA Y ACTIVIDADES AFINES; A CARGO DE LA SECRETARÍA DE DESARROLLO AGROPECUARIO; AMBIENTAL Y ECONÓMICO,Prestación de servicios,Contratación directa,Servicios profesionales y apoyo a la gestión,2026-01-29T00:00:00.000,2026-02-02T00:00:00.000,2026-08-01T00:00:00.000,NXTWY.DLVY.3,Cédula de Ciudadanía,No,No,No,No,No,No,No,Distribuido,Inversión,15000000,0,15000000,0,15000000,0,0,0,0,0,No,0,No aplica,No aplica,"{""url"": ""https://community.secop.gov.co/Public/Tendering/OpportunityDetail/Index?noticeUID=CO1.NTC.9853935&isFromPublicArea=True&isModal=true&asPopupView=true""}",CO,Sin Descripcion,Mujer,0,0,0,15000000,0,0,2026-08-20T00:00:00.000,704067230,,,PRESTACIÓN DE SERVICIO DE ASISTENCIA TECNICA Y APOYO EN EL AREA VETERINARIA Y ACTIVIDADES AFINES; A CARGO DE LA SECRETARÍA DE DESARROLLO AGROPECUARIO; AMBIENTAL Y ECONÓMICO,120 Dia(s),No,,Cédula de Ciudadanía,Cédula de Ciudadanía,Cédula de Ciudadanía,No,No definido,"CALLE 7 # 9-36
El Colegio
Cundinamarca
COLOMBIA",No definido,No definido,No definido,No definido,No definido,No,,,,
INDEPORTES CUNDINAMARCA,900294884,Distrito Capital de Bogotá,No Definido,"Colombia, Bogotá, No Definido",Territorial,deportes,Ejecutivo,Descentralizada,CO1.BDOS.1933170,CO1.PCCNTR.2477200,CPS-454-2021,terminado,V1.80111600,PRESTACIÓN DE SERVICIOS DE APOYO A LA GESTIÒN COMO FORMADOR DEPORTIVO Y RECREATIVO PARA EL DEPARTAMENTO DE CUNDINAMARCA EN EL MARCO DEL PLAN DE DESARROLLO  CUNDINAMARCA REGIÓN QUE PROGRESA.  PARA EL CUMPLIMIENTO DE LAS METAS DEL INSTITUTO DEPARTAMENTAL PARA LA RECREACION Y EL DEPORTE DE CUNDINAMAR,Prestación de servicios,Contratación directa,Servicios profesionales y apoyo a la gestión,2021-05-11T00:00:00.000,2021-05-13T00:00:00.000,2021-12-12T00:00:00.000,NXTWY.DLVY.2,Cédula de Ciudadanía,No,No,No,No,No,No,No,Distribuido,Inversión,11592000,0,11592000,0,11592000,0,0,0,5796000000,0,No,0,No aplica,No aplica,"{""url"": ""https://community.secop.gov.co/Public/Tendering/OpportunityDetail/Index?noticeUID=CO1.NTC.1933631&isFromPublicArea=True&isModal=true&asPopupView=true""}",CO,Sin Descripcion,Mujer,0,0,0,11592000,0,0,2022-11-29T00:00:00.000,702192030,,,PRESTACIÓN DE SERVICIOS DE APOYO A LA GESTIÒN COMO FORMADOR DEPORTIVO Y RECREATIVO PARA EL DEPARTAMENTO DE CUNDINAMARCA EN EL MARCO DEL PLAN DE DESARROLLO  CUNDINAMARCA REGIÓN QUE PROGRESA.  PARA EL CUMPLIMIENTO DE LAS METAS DEL INSTITUTO DEPARTAMENTAL PARA LA RECREACION Y EL DEPORTE DE CUNDINAMARCA,7 Mes(es),No,,Cédula de Ciudadanía,Cédula de Ciudadanía,No definido,No,No definido,"GACHANCIPA
Gachancipá
Cundinamarca
COLOMBIA",No definido,No definido,No definido,No definido,No definido,No,,,,
FONDANE - DIRECCION TERRITORIAL CENTRO,800072977,Distrito Capital de Bogotá,Bogotá,"Colombia, Bogotá,  Bogotá",Nacional,Información Estadística,Corporación Autónoma,Centralizada,CO1.BDOS.2726948,CO1.PCCNTR.3468162,CO1.PCCNTR.3468162,Cerrado,V1.80111500,CONV_ENTIC_21_2022_EMPRESAS_LOG_TH_TU_IINT Prestación de servicios de apoyo a la gestión para realizar los procesos operativos de asistencia en la captura de la información a las fuentes; crítica; digitación y codificación de la información de la Encuesta tecnologías de la información y la comunicac,Prestación de servicios,Contratación directa,Servicios profesionales y apoyo a la gestión,2022-01-28T00:00:00.000,2022-02-01T00:00:00.000,2022-06-30T00:00:00.000,NXTWY.DLVY.6,Cédula de Ciudadanía,No,No,No,No,No,No,No,Distribuido,Inversión,6189452,0,0,6189452,0,0,0,6189452,606566296,0,No,0,No aplica,No aplica,"{""url"": ""https://community.secop.gov.co/Public/Tendering/OpportunityDetail/Index?noticeUID=CO1.NTC.2748946&isFromPublicArea=True&isModal=true&asPopupView=true""}",CO,Sin Descripcion,Hombre,0,0,0,6189452,0,0,2022-05-27T00:00:00.000,704972363,,,CONV_ENTIC_21_2022_EMPRESAS_LOG_TH_TU_IINT Prestación de servicios de apoyo a la gestión para realizar los procesos operativos de asistencia en la captura de la información a las fuentes; crítica; digitación y codificación de la información de la Encuesta tecnologías de la información y la comunicación en empresas ENTIC EMPRESAS del periodo estadístico correspondiente.,150 Dia(s),No,,Cédula de Ciudadanía,Cédula de Ciudadanía,No definido,No,No definido,"Calle 64 G N. 92-56
Bogotá
Distrito Capital de Bogotá
COLOMBIA",No definido,No definido,No definido,No definido,No definido,No,,,,
METRO CALI S.A ACUERDO DE REESTRUCTURACION,805013171,Valle del Cauca,Cali,"Colombia,  Valle del Cauca ,  Cali",Territorial,Transporte,Corporación Autónoma,Descentralizada,CO1.BDOS.2036383,CO1.PCCNTR.2593171,917.104.2.515.2021,En ejecución,V1.80101600,Prestación de Servicios técnicos para apoyar a la Oficina de Gestión Financiera; en las diferentes actividades del Área Contable como causación de documentos; elaboración de conciliaciones de cuentas del balance; además de las actividades que designe el Supervisor del Contrato tendientes al buen fun,Prestación de servicios,Contratación directa,Servicios profesionales y apoyo a la gestión,2021-06-16T00:00:00.000,2021-06-17T00:00:00.000,2021-06-30T00:00:00.000,A convenir,Cédula de Ciudadanía,No,No,No,No,No,No,No,Recursos Propios,Funcionamiento,2800000,0,0,2800000,0,0,0,2800000,2800000,0,No,0,No aplica,No aplica,"{""url"": ""https://community.secop.gov.co/Public/Tendering/OpportunityDetail/Index?noticeUID=CO1.NTC.2037803&isFromPublicArea=True&isModal=true&asPopupView=true""}",CO,Sin Descripcion,Mujer,0,0,0,0,0,2800000,,705352060,,,Prestación de Servicios técnicos para apoyar a la Oficina de Gestión Financiera; en las diferentes actividades del Área Contable como causación de documentos; elaboración de conciliaciones de cuentas del balance; además de las actividades que designe el Supervisor del Contrato tendientes al buen funcionamiento del área.,15 Dia(s),No,,Cédula de Ciudadanía,Cédula de Ciudadanía,No definido,No,No definido,"CALLE 25N # 2F-136
Cali
Valle del Cauca
COLOMBIA",No definido,No definido,No definido,No definido,No definido,No,,,,
GOBERNACION DEL AMAZONAS,899999336,Amazonas,Leticia,"Colombia, Departamento del Amazonas , Leticia",Territorial,Servicio Público,Ejecutivo,Centralizada,CO1.BDOS.9728393,CO1.PCCNTR.9111917,0982-2026,En ejecución,V1.80111701,PRESTACIÓN DE SERVICIOS DE UN TÉCNICO COMO APOYO A LA GESTIÓN DEL AREA DE SALUD Y ÁMBITO LABORAL DE LA SECRETARÍA DE SALUD DEPARTAMENTA DEL AMAZONAS.,Prestación de servicios,Contratación directa,Servicios profesionales y apoyo a la gestión,2026-01-24T00:00:00.000,2026-01-24T00:00:00.000,2026-07-23T00:00:00.000,No Definido,Cédula de Ciudadanía,No,No,No,No,No,No,No,Distribuido,Inversión,16218000,0,16218000,15587300,630700,0,0,15587300,0,0,No,0,No aplica,No aplica,"{""url"": ""https://community.secop.gov.co/Public/Tendering/OpportunityDetail/Index?noticeUID=CO1.NTC.9747578&isFromPublicArea=True&isModal=true&asPopupView=true""}",CO,Cédula de Ciudadanía,Hombre,0,16218000,0,0,0,0,,702878539,,,PRESTACIÓN DE SERVICIOS DE UN TÉCNICO COMO APOYO A LA GESTIÓN DEL AREA DE SALUD Y ÁMBITO LABORAL DE LA SECRETARÍA DE SALUD DEPARTAMENTA DEL AMAZONAS.,6 Mes(es),No,,Cédula de Ciudadanía,Cédula de Ciudadanía,Cédula de Ciudadanía,No,No definido,"CALLE 10 # 10 - 77
Leticia
Amazonas
COLOMBIA",No definido,No definido,No definido,No definido,No definido,No,,,,
SECRETARIA DISTRITAL DE DESARROLLO ECONOMICO - ALCALDIA BOGOTÁ,8999990619,Distrito Capital de Bogotá,No Definido,"Colombia, Bogotá, No Definido",Territorial,Industria,Ejecutivo,Centralizada,CO1.BDOS.10373245,CO1.PCCNTR.9590303,CDPS-0701-2026,Borrador,V1.80111600,"8178035 PRESTAR SERVICIOS PROFESIONALES PARTICIPANDO EN LA IMPLEMENTACIÓN DE LAS ACCIONES
DE FORTALECIMIENTO DE BENEFICIARIOS DE MERCADOS CAMPESINO.",Prestación de servicios,Contratación directa,Servicios profesionales y apoyo a la gestión,,,2026-11-27T00:00:00.000,NXTWY.DLVY.6,Cédula de Ciudadanía,No,No,No,No,No,No,No,Distribuido,Inversión,30000000,0,0,30000000,0,0,0,30000000,0,0,No,0,No aplica,No aplica,"{""url"": ""https://community.secop.gov.co/Public/Tendering/OpportunityDetail/Index?noticeUID=CO1.NTC.10410454&isFromPublicArea=True&isModal=true&asPopupView=true""}",CO,Cédula de Ciudadanía,Mujer,0,0,0,30000000,0,0,,702158197,,,"8178035 PRESTAR SERVICIOS PROFESIONALES PARTICIPANDO EN LA IMPLEMENTACIÓN DE LAS ACCIONES
DE FORTALECIMIENTO DE BENEFICIARIOS DE MERCADOS CAMPESINO.",5 Mes(es),Si,,No definido,No definido,No definido,No,No definido,"CARRERA 10 No. 28-49 TORRE A
Bogotá
Distrito Capital de Bogotá
COLOMBIA",No definido,No definido,No definido,No definido,No definido,No,,,,
CAJA DE RETIRO DE LAS FUERZAS MILITARES,899999118,Distrito Capital de Bogotá,Bogotá,"Colombia, Bogotá,  Bogotá",Nacional,defensa,Ejecutivo,Centralizada,CO1.BDOS.9732422,CO1.PCCNTR.9115348,CD 123-2026,En ejecución,V1.80111600,PRESTAR SERVICIOS PROFESIONALES ESPECIALIZADOS DE ASESORÍA JURÍDICA Y CONTRACTUAL PARA EL ACOMPAÑAMIENTO Y FORTALECIMIENTO DE LA GESTIÓN ADMINISTRATIVA PARA LA ADECUADA ADMINISTRACIÓN DEL TALENTO HUMANO; GESTIÓN CONTRACTUAL; DESARROLLO DE LA GESTIÓN DOCUMENTAL; PROCESOS DISCIPLINARIOS Y MANTENIMIENT,Prestación de servicios,Contratación directa,Servicios profesionales y apoyo a la gestión,2026-01-26T00:00:00.000,2026-01-26T00:00:00.000,2026-12-31T00:00:00.000,NXTWY.DLVY.6,Cédula de Ciudadanía,No,No,No,No,No,No,No,Distribuido,Funcionamiento,167500000,0,107500000,60000000,107500000,0,0,60000000,375508128,0,No,0,No aplica,No aplica,"{""url"": ""https://community.secop.gov.co/Public/Tendering/OpportunityDetail/Index?noticeUID=CO1.NTC.9750849&isFromPublicArea=True&isModal=true&asPopupView=true""}",CO,Sin Descripcion,Mujer,167500000,0,0,0,0,0,,701174138,,,PRESTAR SERVICIOS PROFESIONALES ESPECIALIZADOS DE ASESORÍA JURÍDICA Y CONTRACTUAL PARA EL ACOMPAÑAMIENTO Y FORTALECIMIENTO DE LA GESTIÓN ADMINISTRATIVA PARA LA ADECUADA ADMINISTRACIÓN DEL TALENTO HUMANO; GESTIÓN CONTRACTUAL; DESARROLLO DE LA GESTIÓN DOCUMENTAL; PROCESOS DISCIPLINARIOS Y MANTENIMIENTO BIENES MUEBLES E INMUEBLES; DE ACUERDO CON LAS FUNCIONES ASIGNADAS A LOS GRUPOS DE TRABAJO QUE INTEGRAN LA SUBDIRECCIÓN ADMINISTRATIVA DE LA CAJA DE RETIRO DE LAS FUERZAS MILITARES.,335 Dia(s),No,,Cédula de Ciudadanía,Cédula de Ciudadanía,No definido,No,No definido,"KRA 10 # 27-27
Bogotá
Distrito Capital de Bogotá
COLOMBIA",No definido,No definido,No definido,No definido,No definido,No,,,,
UARIV-UNIDAD PARA LA ATENCION Y REPARACION INTEGRAL A LAS VICTIMAS,900490473,Distrito Capital de Bogotá,Bogotá,"Colombia, Bogotá,  Bogotá",Nacional,Inclusión Social y Reconciliación,Ejecutivo,Descentralizada,CO1.BDOS.9910110,CO1.PCCNTR.9301034,2736-2026,Modificado,V1.80161500,Prestar servicios profesionales para apoyar el proceso de reconstrucción de expedientes y/o documentos; así como las actividades asociadas a las herramientas de gestión de la Unidad para la Atención y Reparación Integral a las Victimas; de acuerdo con los requerimientos del Grupo Interno de Gestión,Prestación de servicios,Contratación directa,Servicios profesionales y apoyo a la gestión,2026-01-30T00:00:00.000,2026-02-02T00:00:00.000,2026-12-31T00:00:00.000,No Definido,Cédula de Ciudadanía,No,No,No,No,No,No,No,Distribuido,Inversión,38816078,0,17579318,21236760,17579318,0,0,21236760,1606699797,0,No,92,No aplica,No aplica,"{""url"": ""https://community.secop.gov.co/Public/Tendering/OpportunityDetail/Index?noticeUID=CO1.NTC.9933163&isFromPublicArea=True&isModal=true&asPopupView=true""}",CO,Sin Descripcion,Hombre,38816078,0,0,0,0,0,2026-08-06T00:00:00.000,700509136,,,Prestar servicios profesionales para apoyar el proceso de reconstrucción de expedientes y/o documentos; así como las actividades asociadas a las herramientas de gestión de la Unidad para la Atención y Reparación Integral a las Victimas; de acuerdo con los requerimientos del Grupo Interno de Gestión Administrativa y Documental,12 Mes(es),No,,No definido,No definido,No definido,No,No definido,"Carrera 85 D No. 46 A 65; Complejo Logístico San Cayetano; Bogotá; D.C.
Bogotá
Distrito Capital de Bogotá
COLOMBIA",No definido,No definido,No definido,No definido,No definido,No,,,,
INSTITUTO DE DEPORTES Y RECREACION DE MEDELLIN,800194096,Antioquia,Medellín,"Colombia,  Antioquia ,  Medellín",Territorial,deportes,Ejecutivo,Centralizada,CO1.BDOS.8051426,CO1.PCCNTR.7833898,6700041958,En ejecución,V1.80111620,PRESTAR LOS SERVICIOS DE APOYO A LA GESTIÓN COMO FORMADOR (A) PROFESIONAL 2; DE LA ESTRATEGIA UNIVERSITARIOS DEL SECTOR EDUCATIVO DE LA SUBDIRECCIÓN DE FOMENTO DEPORTIVO Y RECREATIVO DEL INDER DE MEDELLÍN,Prestación de servicios,Contratación directa,Servicios profesionales y apoyo a la gestión,2025-05-02T00:00:00.000,2025-05-02T00:00:00.000,2025-12-19T00:00:00.000,No Definido,Cédula de Ciudadanía,No,No,No,No,No,No,No,Distribuido,Inversión,33364000,0,33364000,0,33364000,0,0,0,0,0,No,0,No aplica,No aplica,"{""url"": ""https://community.secop.gov.co/Public/Tendering/OpportunityDetail/Index?noticeUID=CO1.NTC.8069731&isFromPublicArea=True&isModal=true&asPopupView=true""}",CO,Cédula de Ciudadanía,Hombre,0,0,0,33364000,0,0,,700774011,,,PRESTAR LOS SERVICIOS DE APOYO A LA GESTIÓN COMO FORMADOR (A) PROFESIONAL 2; DE LA ESTRATEGIA UNIVERSITARIOS DEL SECTOR EDUCATIVO DE LA SUBDIRECCIÓN DE FOMENTO DEPORTIVO Y RECREATIVO DEL INDER DE MEDELLÍN,228 Dia(s),No,,Cédula de Ciudadanía,Cédula de Ciudadanía,No definido,No,No definido,"Cl. 47D #75-276; Laureles
Medellín
Antioquia
COLOMBIA",No definido,No definido,No definido,No definido,No definido,No,,,,
DANE - DIRECCION TERRITORIAL CENTRO,899999027,Distrito Capital de Bogotá,Bogotá,"Colombia, Bogotá,  Bogotá",Nacional,Información Estadística,Corporación Autónoma,Centralizada,CO1.BDOS.2312120,CO1.PCCNTR.2946504,CO1.PCCNTR.2946504,Cerrado,V1.80111500,CULTURA_2021_ECP_TH_TU_MN_OT Prestación de servicios de apoyo a la gestión para realizar recolección urbana y rural de información; mediante el método de captura móvil - DMC de la Encuesta de Cultura Política ECP 2021.,Prestación de servicios,Contratación directa,Servicios profesionales y apoyo a la gestión,2021-10-19T00:00:00.000,2021-10-20T00:00:00.000,2021-12-19T00:00:00.000,Como acordado previamente,Cédula de Ciudadanía,No,No,No,No,No,No,No,Distribuido,Inversión,5785170,0,0,5785170,0,0,0,5785170,53184450,0,No,0,No aplica,No aplica,"{""url"": ""https://community.secop.gov.co/Public/Tendering/OpportunityDetail/Index?noticeUID=CO1.NTC.2325205&isFromPublicArea=True&isModal=true&asPopupView=true""}",CO,Sin Descripcion,Mujer,5785170,0,0,0,0,0,2023-04-19T00:00:00.000,704942564,,,CULTURA_2021_ECP_TH_TU_MN_OT Prestación de servicios de apoyo a la gestión para realizar recolección urbana y rural de información; mediante el método de captura móvil - DMC de la Encuesta de Cultura Política ECP 2021.,60 Dia(s),No,,Cédula de Ciudadanía,Cédula de Ciudadanía,No definido,No,No definido,"CALLE 64G No. 92-56
Bogotá
Distrito Capital de Bogotá
COLOMBIA",No definido,No definido,No definido,No definido,No definido,No,,,,
ICANH,830067892,Distrito Capital de Bogotá,Bogotá,"Colombia, Bogotá,  Bogotá",Nacional,Cultura,Ejecutivo,Centralizada,CO1.BDOS.1990303,CO1.PCCNTR.2531560,CO1.PCCNTR.2531560,Cerrado,V1.80111500,Prestar sus servicios profesionales para adelantar la verificación; evaluación y seguimiento de los procesos relacionados con los Programas de Arqueología Preventiva; así como de la documentación técnica y académica que hace parte de los trámites presentados ante el ICANH relacionados con Intervenci,Prestación de servicios,Contratación directa,Servicios profesionales y apoyo a la gestión,2021-05-24T00:00:00.000,2021-05-24T00:00:00.000,2021-12-31T00:00:00.000,Como acordado previamente,Cédula de Ciudadanía,No,No,No,No,No,No,No,Distribuido,Inversión,36166666,0,36166666,0,36166666,0,0,0,37500000,0,No,0,No aplica,No aplica,"{""url"": ""https://community.secop.gov.co/Public/Tendering/OpportunityDetail/Index?noticeUID=CO1.NTC.1989605&isFromPublicArea=True&isModal=true&asPopupView=true""}",CO,Sin Descripcion,Mujer,36166666,0,0,0,0,0,2022-06-15T00:00:00.000,701159022,,,Prestar sus servicios profesionales para adelantar la verificación; evaluación y seguimiento de los procesos relacionados con los Programas de Arqueología Preventiva; así como de la documentación técnica y académica que hace parte de los trámites presentados ante el ICANH relacionados con Intervención y Manejo del Patrimonio Arqueológico Nacional.,217 Dia(s),No,,No definido,No definido,No definido,No,No definido,"Calle 12 No. 2 -38
Bogotá
Distrito Capital de Bogotá
COLOMBIA",No definido,No definido,No definido,No definido,No definido,No,,,,
MUNICIPIO DE HISPANIA,890984986,Antioquia,Hispania,"Colombia,  Antioquia ,  Hispania",Territorial,Servicio Público,Ejecutivo,Centralizada,CO1.BDOS.9272260,CO1.PCCNTR.8720450,M.C 100-20-03-022-2025,terminado,V1.60141300,FORTALECIMIENTO DE GESTIÓN CULTURAL; MEDIANTE EL SUMINISTRO DE DETALLES NAVIDEÑOS PARA LOS NIÑOS Y NIÑAS VULNERABLES DEL MUNICIPIO DE HISPANIA ANTIOQUIA; ENCAMINADAS A LA PROMOCIÓN Y FOMENTO DE LAS TRADICIONES Y COSTUMBRES NAVIDEÑAS; EN EL CUMPLIMIENTO DEL PLAN DE DESARROLLO HISPANIA DE CORAZÓN 202,Compraventa,Mínima cuantía,Presupuesto inferior al 10% de la menor cuantía,2025-12-19T00:00:00.000,2025-12-19T00:00:00.000,2025-12-24T00:00:00.000,NXTWY.DLVY.2,Cédula de Ciudadanía,No,Si,No,No,No,No,No,Distribuido,Inversión,39858000,0,39858000,39858000,0,0,0,39858000,0,0,No,0,No aplica,No aplica,"{""url"": ""https://community.secop.gov.co/Public/Tendering/OpportunityDetail/Index?noticeUID=CO1.NTC.9299284&isFromPublicArea=True&isModal=true&asPopupView=true""}",CO,Sin Descripcion,Hombre,0,39858000,0,0,0,0,,702575002,,,FORTALECIMIENTO DE GESTIÓN CULTURAL; MEDIANTE EL SUMINISTRO DE DETALLES NAVIDEÑOS PARA LOS NIÑOS Y NIÑAS VULNERABLES DEL MUNICIPIO DE HISPANIA ANTIOQUIA; ENCAMINADAS A LA PROMOCIÓN Y FOMENTO DE LAS TRADICIONES Y COSTUMBRES NAVIDEÑAS; EN EL CUMPLIMIENTO DEL PLAN DE DESARROLLO HISPANIA DE CORAZÓN 2024-2027.,3 Dia(s),No,,Cédula de Ciudadanía,Cédula de Ciudadanía,No definido,No,No definido,"CALLE 42 B No. 52 - 106
Medellín
Antioquia
COLOMBIA",No definido,No definido,No definido,No definido,No definido,No,,,,
INSTITUTO MUNICIPAL PARA EL DEPORTE Y LA RECREACION DE SINCELEJO,823000308,Sucre,Sincelejo,"Colombia,  Sucre ,  Sincelejo",Territorial,deportes,Ejecutivo,Centralizada,CO1.BDOS.5323691,CO1.PCCNTR.5680727,CONV-074-2023,En ejecución,V1.94121505,BRINDAR APOYO ECONOMICO AL CLUB DEPORTIVO ATHLETIC FUNDACION DEPORTE INTEGRAL VIDA ABUNDANTE D.I.V.A. A FIN DE GARANTIZAR LA PARTICIPACION EN EL TORNEO INTERNACIONAL CUP SANTA MARTA 2023 SENIOR MASTER A REALIZARSE EN LA CIUDAD DE SANTA MARTA.,Otro,Contratación régimen especial,Regla aplicable,2023-12-20T00:00:00.000,2023-12-20T00:00:00.000,2023-12-28T00:00:00.000,A convenir,NIT,No,No,No,No,No,No,No,Distribuido,Inversión,50134000,0,50134000,50134000,0,0,0,50134000,50134000,0,No,0,No aplica,No aplica,"{""url"": ""https://community.secop.gov.co/Public/Tendering/OpportunityDetail/Index?noticeUID=CO1.NTC.5337884&isFromPublicArea=True&isModal=true&asPopupView=true""}",CO,Sin Descripcion,Hombre,0,0,0,50134000,0,0,,705083319,,,BRINDAR APOYO ECONOMICO AL CLUB DEPORTIVO ATHLETIC FUNDACION DEPORTE INTEGRAL VIDA ABUNDANTE D.I.V.A. A FIN DE GARANTIZAR LA PARTICIPACION EN EL TORNEO INTERNACIONAL CUP SANTA MARTA 2023 SENIOR MASTER A REALIZARSE EN LA CIUDAD DE SANTA MARTA.,9 Dia(s),No,,Cédula de Ciudadanía,Cédula de Ciudadanía,No definido,No,No definido,"CRA 16 N° 23-10 BARRIO CRUZ DE COLORADO
Sincelejo
Sucre
COLOMBIA",No definido,No definido,No definido,No definido,No definido,No,,,,
ALCALDIA MUNICIPAL DE ARMERO GUAYABAL,890700982,Tolima,Armero,"Colombia,  Tolima ,  Armero",Territorial,Servicio Público,Ejecutivo,Centralizada,CO1.BDOS.5321905,CO1.PCCNTR.5689823,341-2023,En ejecución,V1.95131602,COMPRAVENTA DE ELEMENTOS PARA EL BANCO DE AYUDAS TÉCNICAS PARA LA POBLACIÓN CON DISCAPACIDAD Y ADULTO MAYOR DEL MUNICIPIO DE ARMERO GUAYABAL,Compraventa,Mínima cuantía,Presupuesto inferior al 10% de la menor cuantía,2023-12-27T00:00:00.000,2023-12-28T00:00:00.000,2023-12-29T00:00:00.000,Como acordado previamente,NIT,No,Si,No,No,No,No,No,Distribuido,Funcionamiento,19936000,0,0,19936000,0,0,0,19936000,19995000,0,No,0,No aplica,No aplica,"{""url"": ""https://community.secop.gov.co/Public/Tendering/OpportunityDetail/Index?noticeUID=CO1.NTC.5335949&isFromPublicArea=True&isModal=true&asPopupView=true""}",CO,Sin Descripcion,Hombre,0,0,0,19936000,0,0,,700437023,,,COMPRAVENTA DE ELEMENTOS PARA EL BANCO DE AYUDAS TÉCNICAS PARA LA POBLACIÓN CON DISCAPACIDAD Y ADULTO MAYOR DEL MUNICIPIO DE ARMERO GUAYABAL,3 Dia(s),No,,Cédula de Ciudadanía,No definido,Cédula de Ciudadanía,No,No definido,"carrera 6 calle 5 esquina
Armero
Tolima
COLOMBIA",No definido,No definido,No definido,No definido,No definido,No,,,,
GOBERNACION DE NARIÑO,800103923,Nariño,Pasto,"Colombia,  Nariño ,  Pasto",Territorial,No aplica/No pertenece,Ejecutivo,Centralizada,CO1.BDOS.2497753,CO1.PCCNTR.3178521,GN0199-2022,Modificado,V1.80101510,Prestación de servicios profesionales como Geólogo (a)  para apoyar en las gestiones propias de la Dirección Administrativa de Gestión del Riesgo de Desastres del departamento de Nariño. 2,Prestación de servicios,Contratación directa,Servicios profesionales y apoyo a la gestión,2022-01-07T00:00:00.000,2022-01-07T00:00:00.000,2022-12-31T00:00:00.000,No Definido,Cédula de Ciudadanía,No,No,No,No,No,No,No,Distribuido,Funcionamiento,46222200,0,0,46222200,0,0,0,46222200,222565600,0,No,115,No aplica,No aplica,"{""url"": ""https://community.secop.gov.co/Public/Tendering/OpportunityDetail/Index?noticeUID=CO1.NTC.2502999&isFromPublicArea=True&isModal=true&asPopupView=true""}",CO,Cédula de Ciudadanía,Mujer,0,0,0,46222200,0,0,2022-09-05T00:00:00.000,700694045,,,Prestación de servicios profesionales como Geólogo (a)  para apoyar en las gestiones propias de la Dirección Administrativa de Gestión del Riesgo de Desastres del departamento de Nariño. 2,360 Dia(s),No,,Cédula de Ciudadanía,Cédula de Ciudadanía,No definido,No,No definido,"PASTO
Pasto
Nariño
COLOMBIA",No definido,No definido,No definido,No definido,No definido,No,,,,
MINISTERIO DE JUSTICIA Y DEL DERECHO.,900457461,Distrito Capital de Bogotá,No Definido,"Colombia, Bogotá, No Definido",Nacional,Ley de Justicia,Ejecutivo,Centralizada,CO1.BDOS.10426220,CO1.PCCNTR.9626283,706-2026,Modificado,V1.80111600,Prestar servicios de apoyo a la gestión para el desarrollo de los procesos archivísticos en los acervos documentales físicos y digitales de la Subdirección de Control y Fiscalización de Sustancias Químicas y Estupefacientes,Prestación de servicios,Contratación directa,Servicios profesionales y apoyo a la gestión,2026-07-07T00:00:00.000,2026-07-07T00:00:00.000,2026-12-31T00:00:00.000,No Definido,Cédula de Ciudadanía,No,No,No,No,No,No,No,Distribuido,Funcionamiento,14830933,0,4550400,10280533,4550400,0,0,10280533,5665769838,0,No,0,No aplica,No aplica,"{""url"": ""https://community.secop.gov.co/Public/Tendering/OpportunityDetail/Index?noticeUID=CO1.NTC.10464806&isFromPublicArea=True&isModal=true&asPopupView=true""}",CO,Sin Descripcion,Mujer,14830933,0,0,0,0,0,2026-07-14T00:00:00.000,700103013,,,Prestar servicios de apoyo a la gestión para el desarrollo de los procesos archivísticos en los acervos documentales físicos y digitales de la Subdirección de Control y Fiscalización de Sustancias Químicas y Estupefacientes,175 Dia(s),No,,Cédula de Ciudadanía,Cédula de Ciudadanía,No definido,No,No definido,"Calle 53 No. 13 - 27
Bogotá
Distrito Capital de Bogotá
COLOMBIA",No definido,No definido,No definido,No definido,No definido,No,,,,
FONDO DE DESARROLLO LOCAL DE SANTA FE,899999061,Distrito Capital de Bogotá,Bogotá,"Colombia, Bogotá,  Bogotá",Territorial,Servicio Público,Ejecutivo,Centralizada,CO1.BDOS.4588974,CO1.PCCNTR.5103258,FDLSF-CPS-354-2023 SIPSE (90613),En ejecución,V1.80111600,"PRESTAR LOS SERVICIOS COMO OPERARIO(A) 
PARA LA GESTIÓN EN ACTIVIDADES OPERATIVAS DE AGRICULTURA URBANA; 
PLANTACIÓN; RECUPERACIÓN Y MANTENIMIENTO DE LAS COBERTURAS VEGETALES Y 
RECUPERACIÓN DE ESPACIO PÚBLICO EN LA LOCALIDAD DE SANTA FE EN EL MARCO DE 
LAS INICIATIVAS CIUDADANAS DE PRESUPUESTOS PA",Prestación de servicios,Contratación directa,Servicios profesionales y apoyo a la gestión,2023-06-20T00:00:00.000,2023-07-04T00:00:00.000,2024-02-03T00:00:00.000,NXTWY.DLVY.2,Cédula de Ciudadanía,No,Si,No,No,No,No,No,Recursos Propios,Inversión,18200000,0,17940000,260000,17940000,0,0,260000,18200000,0,No,0,No aplica,No aplica,"{""url"": ""https://community.secop.gov.co/Public/Tendering/OpportunityDetail/Index?noticeUID=CO1.NTC.4598830&isFromPublicArea=True&isModal=true&asPopupView=true""}",CO,Sin Descripcion,No Definido,0,0,0,0,0,18200000,,701679615,,,"PRESTAR LOS SERVICIOS COMO OPERARIO(A) 
PARA LA GESTIÓN EN ACTIVIDADES OPERATIVAS DE AGRICULTURA URBANA; 
PLANTACIÓN; RECUPERACIÓN Y MANTENIMIENTO DE LAS COBERTURAS VEGETALES Y 
RECUPERACIÓN DE ESPACIO PÚBLICO EN LA LOCALIDAD DE SANTA FE EN EL MARCO DE 
LAS INICIATIVAS CIUDADANAS DE PRESUPUESTOS PARTICIPATIVOS.",7 Mes(es),No,,Cédula de Ciudadanía,Cédula de Ciudadanía,No definido,No,No definido,"CALLE 21# 5-74
Distrito Capital de Bogotá
COLOMBIA",No definido,No definido,No definido,No definido,No definido,No,,,,
CORTOLIMA,890704536,Tolima,Ibagué,"Colombia,  Tolima ,  Ibagué",Nacional,Servicio Público,Corporación Autónoma,Centralizada,CO1.BDOS.1428116,CO1.PCCNTR.1813706,COT-0315-2020,En ejecución,V1.80111600,La prestación de servicios profesionales como administrador financiero  de manera libre; autónoma; independiente y sin subordinación alguna; apoyando la gestión financiera  en el seguimiento; a los planes de ordenación y manejo de cuencas hidrográficas POMCA y demás instrumentos de planificación del,Prestación de servicios,Contratación directa,Servicios profesionales y apoyo a la gestión,2020-09-01T00:00:00.000,2020-09-04T00:00:00.000,2021-02-03T00:00:00.000,Como acordado previamente,Cédula de Ciudadanía,No,No,No Definido,No,No,No,No,Recursos Propios,Inversión,16000000,0,0,16000000,0,0,0,16000000,16064000,0,No,0,No aplica,No aplica,"{""url"": ""https://community.secop.gov.co/Public/Tendering/OpportunityDetail/Index?noticeUID=CO1.NTC.1425812&isFromPublicArea=True&isModal=true&asPopupView=true""}",CO,Cédula de Ciudadanía,Mujer,0,0,0,0,0,16000000,,702191560,,,La prestación de servicios profesionales como administrador financiero  de manera libre; autónoma; independiente y sin subordinación alguna; apoyando la gestión financiera  en el seguimiento; a los planes de ordenación y manejo de cuencas hidrográficas POMCA y demás instrumentos de planificación del recurso hídrico,5 Mes(es),No,,Cédula de Ciudadanía,Cédula de Ciudadanía,No definido,No definido,No definido,"IBAGUE TOLIMA
Ibagué
Tolima
COLOMBIA",No definido,No definido,No definido,No definido,No definido,No,,,,
MINTRABAJO NIVEL CENTRAL*/,830115226,Distrito Capital de Bogotá,Bogotá,"Colombia, Bogotá, Bogotá",Nacional,Trabajo,Ejecutivo,Centralizada,CO1.BDOS.1092803,CO1.PCCNTR.1348611,Contrato de Prestación de Servicios No. 229 de 2020 - Paola Andrea Noriega Jaimes,Cerrado,V1.80111701,Prestar servicios profesionales al Ministerio del Trabajo para apoyar las actividades relacionadas con el fortalecimiento y seguimiento de espacios de dialogo y acompañar las acciones necesarias para la creación de política y lineamiento en materia de Empleo y Generación de Ingreso; Trabajo Decente,Prestación de servicios,Contratación directa,Servicios profesionales y apoyo a la gestión,2020-02-05T00:00:00.000,2020-02-05T00:00:00.000,2020-12-24T00:00:00.000,No Definido,Cédula de Ciudadanía,No,No,No,No,No,No,No,Distribuido,Inversión,53166666,0,0,53166666,0,0,0,53166666,480000000,0,No,0,No aplica,No aplica,"{""url"": ""https://community.secop.gov.co/Public/Tendering/OpportunityDetail/Index?noticeUID=CO1.NTC.1090075&isFromPublicArea=True&isModal=true&asPopupView=true""}",CO,Sin Descripcion,No Definido,0,0,0,0,0,0,2023-11-11T00:00:00.000,700094030,,,Prestar servicios profesionales al Ministerio del Trabajo para apoyar las actividades relacionadas con el fortalecimiento y seguimiento de espacios de dialogo y acompañar las acciones necesarias para la creación de política y lineamiento en materia de Empleo y Generación de Ingreso; Trabajo Decente y Dialogo Social,Dia(s),No,,No definido,No definido,No definido,No definido,No definido,"Bogota
Bogotá
Distrito Capital de Bogotá
COLOMBIA",No definido,No definido,No definido,No definido,No definido,No,,,,
MUNICIPIO DE YOPAL..,891855017,Casanare,Yopal,"Colombia, Casanare, Yopal",Territorial,Servicio Público,Ejecutivo,Centralizada,CO1.BDOS.3789953,CO1.PCCNTR.4435071,1001.84.0046.2023,Cerrado,V1.93151606,REALIZAR LA REVISION; ANALISIS Y VALIDACION DE LOS REQUISITOS ESTABLECIDOS EN EL PROCEDIMIENTO DE CUENTAS POR PAGAR; Y ELABORAR LA CONSTITUCION DE OBLIGACIONES A FAVOR DE TERCEROS; TENIENDO EN CUENTA LAS NORMAS CONTABLES; TRIBUTARIAS; PRESUPUESTALES Y DEMAS QUE LE SEAN APLICABLES AL PROCESO.,Prestación de servicios,Contratación directa,Servicios profesionales y apoyo a la gestión,2023-01-19T00:00:00.000,2023-01-20T00:00:00.000,2023-12-28T00:00:00.000,A convenir,Cédula de Ciudadanía,No,No,No,Si,No,No,No,Distribuido,Funcionamiento,44070000,0,0,44070000,0,0,0,44070000,44070000,0,No,0,No aplica,No aplica,"{""url"": ""https://community.secop.gov.co/Public/Tendering/OpportunityDetail/Index?noticeUID=CO1.NTC.3793259&isFromPublicArea=True&isModal=true&asPopupView=true""}",CO,Cédula de Ciudadanía,Hombre,0,0,0,44070000,0,0,2024-05-28T00:00:00.000,702445891,2023-12-29T00:00:00.000,2024-04-28T00:00:00.000,REALIZAR LA REVISION; ANALISIS Y VALIDACION DE LOS REQUISITOS ESTABLECIDOS EN EL PROCEDIMIENTO DE CUENTAS POR PAGAR; Y ELABORAR LA CONSTITUCION DE OBLIGACIONES A FAVOR DE TERCEROS; TENIENDO EN CUENTA LAS NORMAS CONTABLES; TRIBUTARIAS; PRESUPUESTALES Y DEMAS QUE LE SEAN APLICABLES AL PROCESO.,339 Dia(s),No,,Cédula de Ciudadanía,Cédula de Ciudadanía,No definido,No,No definido,"Diagonal 15 N° 15-21 Palacio Municipal; Yopal - Casanare
Yopal
Casanare
COLOMBIA",No definido,No definido,No definido,No definido,No definido,No,,,,
DANE - DIRECCION TERRITORIAL CENTRO,899999027,Distrito Capital de Bogotá,Bogotá,"Colombia, Bogotá,  Bogotá",Nacional,Información Estadística,Corporación Autónoma,Centralizada,CO1.BDOS.6236364,CO1.PCCNTR.6417508,CO1.PCCNTR.6417508,Cerrado,V1.80111500,CE_2024_DRA_BDC_TH_TU_IINT Prestación de servicios de apoyo a la gestión para realizar seguimiento y coordinación de campo durante el operativo del Censo Económico en el municipio asignado; así como el monitoreo del trabajo de los supervisores y analistas de información asignados; verificando los re,Prestación de servicios,Contratación directa,Servicios profesionales y apoyo a la gestión,2024-06-11T00:00:00.000,2024-06-18T00:00:00.000,2024-12-31T00:00:00.000,NXTWY.DLVY.6,Cédula de Ciudadanía,No,No,No,No,No,No,No,Distribuido,Inversión,18725467,0,18725467,0,18725467,0,0,0,0,0,No,0,No aplica,No aplica,"{""url"": ""https://community.secop.gov.co/Public/Tendering/OpportunityDetail/Index?noticeUID=CO1.NTC.6246511&isFromPublicArea=True&isModal=true&asPopupView=true""}",CO,Sin Descripcion,No Definido,18725467,0,0,0,0,0,2025-08-29T00:00:00.000,704942564,,,CE_2024_DRA_BDC_TH_TU_IINT Prestación de servicios de apoyo a la gestión para realizar seguimiento y coordinación de campo durante el operativo del Censo Económico en el municipio asignado; así como el monitoreo del trabajo de los supervisores y analistas de información asignados; verificando los rendimientos y controlando la cobertura; además de gestionar los requerimientos presentados en el desarrollo del operativo,194 Dia(s),No,,Cédula de Ciudadanía,Cédula de Ciudadanía,No definido,No,No definido,"Carrera 11 No. 20 - 41
Bogotá
Distrito Capital de Bogotá
COLOMBIA",No definido,No definido,No definido,No definido,No definido,No,,,,
(Secretaría Distrital de Integración Social),8999990619,Distrito Capital de Bogotá,No Definido,"Colombia, Bogotá, No Definido",Territorial,Inclusión Social y Reconciliación,Ejecutivo,Centralizada,CO1.BDOS.1948880,CO1.PCCNTR.2543888,7523-2021,Modificado,V1.80111500,PRESTAR SERVICIOS PROFESIONALES PARA IMPLEMENTAR EL MODELO DE ATENCIÓN DEL SERVICIO CENTRO DÍA DEL PROYECTO 7770 COMPROMISO CON EL ENVEJECIMIENTO ACTIVO Y UNA BOGOTA CUIDADORA E INCLUYENTE; EN EL MARCO DE LA TRANSFORMACIÓN E INNOVACIÓN EN EL SERVICIO; EN ARTICULACIÓN CON LA ESTRATEGIA TERRITORIAL,Prestación de servicios,Contratación directa,Servicios profesionales y apoyo a la gestión,2021-05-27T00:00:00.000,2021-06-04T00:00:00.000,2022-07-03T00:00:00.000,No Definido,Cédula de Ciudadanía,No,No,No,No,No,No,No,Distribuido,Inversión,50557000,0,42390100,8166900,42390100,0,0,8166900,50557000,0,No,122,No aplica,No aplica,"{""url"": ""https://community.secop.gov.co/Public/Tendering/OpportunityDetail/Index?noticeUID=CO1.NTC.1998887&isFromPublicArea=True&isModal=true&asPopupView=true""}",CO,Sin Descripcion,No Definido,0,0,0,50557000,0,0,2022-02-25T00:00:00.000,702271321,,,PRESTAR SERVICIOS PROFESIONALES PARA IMPLEMENTAR EL MODELO DE ATENCIÓN DEL SERVICIO CENTRO DÍA DEL PROYECTO 7770 COMPROMISO CON EL ENVEJECIMIENTO ACTIVO Y UNA BOGOTA CUIDADORA E INCLUYENTE; EN EL MARCO DE LA TRANSFORMACIÓN E INNOVACIÓN EN EL SERVICIO; EN ARTICULACIÓN CON LA ESTRATEGIA TERRITORIAL SOCIAL INTEGRAL DE LA SDIS,270 Dia(s),No,,No definido,No definido,No definido,No,No definido,"CARRERA 7 No. 32-16 PISO 20 EDIFICIO SAN MARTIN
Bogotá
Distrito Capital de Bogotá
COLOMBIA",No definido,No definido,No definido,No definido,No definido,No,,,,
PERSONERIA MUNICIPAL SOGAMOSO,800251377,Boyacá,Sogamoso,"Colombia,  Boyacá ,  Sogamoso",Territorial,No aplica/No pertenece,Ejecutivo,Descentralizada,CO1.BDOS.5549152,CO1.PCCNTR.5860734,CO1.PCCNTR.5860734,Cerrado,V1.80131500,CONTRATO DE ARRENDAMIENTO DE TRES OFICINAS DENTRO DE EL BIEN INMUEBLE UBICADO EN LA CALLE 15 NO. 11-79 TERCER PISO EDIFICIO EL PINTOR DE SOGAMOSO; PARA EL FUNCIONAMIENTO DE LAS INSTALACIONES DE LA PERSONERÍA MUNICIPAL DE SOGAMOSO,Arrendamiento de inmuebles,Contratación directa,Arrendamiento de inmuebles,2024-02-01T00:00:00.000,2024-02-09T00:00:00.000,2024-02-29T00:00:00.000,No Definido,NIT,No,Si,No,No,No,No,No,Distribuido,Funcionamiento,5800000,0,5800000,0,5800000,0,0,0,5800000,0,No,0,No aplica,No aplica,"{""url"": ""https://community.secop.gov.co/Public/Tendering/OpportunityDetail/Index?noticeUID=CO1.NTC.5558297&isFromPublicArea=True&isModal=true&asPopupView=true""}",CO,Sin Descripcion,Hombre,0,0,0,5800000,0,0,2026-01-04T00:00:00.000,715458162,,,CONTRATO DE ARRENDAMIENTO DE TRES OFICINAS DENTRO DE EL BIEN INMUEBLE UBICADO EN LA CALLE 15 NO. 11-79 TERCER PISO EDIFICIO EL PINTOR DE SOGAMOSO; PARA EL FUNCIONAMIENTO DE LAS INSTALACIONES DE LA PERSONERÍA MUNICIPAL DE SOGAMOSO,29 Dia(s),No,,Cédula de Ciudadanía,Cédula de Ciudadanía,No definido,No,No definido,"calle 15 n° 11-79 plazas seis de septiembre 
Sogamoso
Boyacá
COLOMBIA",No definido,No definido,No definido,No definido,No definido,No,,,,
MUNICIPIO DE ARMENIA QUINDIO,890000464,Quindío,Armenia,"Colombia,  Quindío ,  Armenia",Territorial,Servicio Público,Ejecutivo,Centralizada,CO1.BDOS.1726381,CO1.PCCNTR.2208157,SETTA-CD-2021-0862 DE 2021,Cerrado,V1.80111600,PRESTACIÓN DE SERVICIOS DE APOYO A LA GESTIÓN COMO ORDENADOR DE TRÁNSITO DE LA SECRETARÍA DE TRÁNSITO Y TRANSPORTE MUNICIPAL.,Prestación de servicios,Contratación directa,Servicios profesionales y apoyo a la gestión,2021-02-01T00:00:00.000,2021-02-04T00:00:00.000,2021-04-03T00:00:00.000,A convenir,Cédula de Ciudadanía,No,No,No,No,No,No,No,Distribuido,Inversión,3200000,0,3200000,0,3200000,0,0,0,3200000,0,No,0,No aplica,No aplica,"{""url"": ""https://community.secop.gov.co/Public/Tendering/OpportunityDetail/Index?noticeUID=CO1.NTC.1723108&isFromPublicArea=True&isModal=true&asPopupView=true""}",CO,Cédula de Ciudadanía,Mujer,0,0,0,3200000,0,0,2022-07-21T00:00:00.000,701365033,,,PRESTACIÓN DE SERVICIOS DE APOYO A LA GESTIÓN COMO ORDENADOR DE TRÁNSITO DE LA SECRETARÍA DE TRÁNSITO Y TRANSPORTE MUNICIPAL.,2 Mes(es),Si,2021-03-31T00:00:00.000,Cédula de Ciudadanía,Cédula de Ciudadanía,No definido,No definido,No definido,"Carrera 19 Calle 27 Centro Cultural Metropolitano La Estacion
Armenia
Quindío
COLOMBIA",No definido,No definido,No definido,No definido,No definido,No,,,,
UNIDAD EJECUTORA DE SANEAMIENTO DEL VALLE DEL CAUCA,805018833,Valle del Cauca,Cali,"Colombia,  Valle del Cauca ,  Cali",Territorial,Salud y Protección Social,Ejecutivo,Centralizada,CO1.BDOS.2385224,CO1.PCCNTR.3036286,410-22-06.20211840,Cerrado,V1.80111701,Prestar servicios de apoyo a la gestión llevando a cabo actividades de promoción; prevención; inspección; vigilancia de las enfermedades transmitidas por vectores de interés en salud publica en zonas urbanas y rurales del municipio de Yumbo del aro Cali; aplicando las estrategias de entornos saludab,Prestación de servicios,Contratación directa,Servicios profesionales y apoyo a la gestión,2021-11-16T00:00:00.000,2021-11-17T00:00:00.000,2021-12-24T00:00:00.000,A convenir,Cédula de Ciudadanía,No,No,No,No,No,No,No,Distribuido,Inversión,2900000,0,2900000,0,2900000,0,0,0,2900000,0,No,0,No aplica,No aplica,"{""url"": ""https://community.secop.gov.co/Public/Tendering/OpportunityDetail/Index?noticeUID=CO1.NTC.2395281&isFromPublicArea=True&isModal=true&asPopupView=true""}",CO,Sin Descripcion,Mujer,0,0,0,2900000,0,0,2022-04-21T00:00:00.000,703957431,,,Prestar servicios de apoyo a la gestión llevando a cabo actividades de promoción; prevención; inspección; vigilancia de las enfermedades transmitidas por vectores de interés en salud publica en zonas urbanas y rurales del municipio de Yumbo del aro Cali; aplicando las estrategias de entornos saludables y atención primaria en salud.,37 Dia(s),No,,Cédula de Ciudadanía,Cédula de Ciudadanía,No definido,No,No definido,"CRA 37A #4-88
Cali
Valle del Cauca
COLOMBIA",No definido,No definido,No definido,No definido,No definido,No,,,,
ALCALDÍA DISTRITAL DE SANTA MARTA,891780009,Magdalena,Santa Marta,"Colombia,  Magdalena ,  Santa Marta",Territorial,Servicio Público,Ejecutivo,Centralizada,CO1.BDOS.8899878,CO1.PCCNTR.8438765,PS-002080-2025,En ejecución,V1.80111600,PRESTACION DE SERVICIOS DE APOYO A LA GESTION PARA EL FORTALECIMIENTO INSTITUCIONAL DE LA SECRETARIA DE GOBIERNO,Prestación de servicios,Contratación directa,Servicios profesionales y apoyo a la gestión,2025-10-14T00:00:00.000,2025-10-15T00:00:00.000,2025-12-31T00:00:00.000,NXTWY.DLVY.2,Cédula de Ciudadanía,No,No,No,No,No,No,No,Distribuido,Inversión,9000000,0,0,9000000,0,0,0,9000000,0,0,No,0,No aplica,No aplica,"{""url"": ""https://community.secop.gov.co/Public/Tendering/OpportunityDetail/Index?noticeUID=CO1.NTC.8926606&isFromPublicArea=True&isModal=true&asPopupView=true""}",CO,Sin Descripcion,Mujer,0,0,0,9000000,0,0,,702354598,,,PRESTACION DE SERVICIOS DE APOYO A LA GESTION PARA EL FORTALECIMIENTO INSTITUCIONAL DE LA SECRETARIA DE GOBIERNO,84 Dia(s),No,,Cédula de Ciudadanía,No definido,Cédula de Ciudadanía,No,No definido,"Calle 14 # 2-49
Santa Marta
Magdalena
COLOMBIA",No definido,No definido,No definido,No definido,No definido,No,,,,
INSTITUTO DISTRITAL PARA LA PROTECCIÓN DE LA NIÑEZ Y LA JUVENTUD - IDIPRON*,899999333,Distrito Capital de Bogotá,No Definido,"Colombia, Bogotá, No Definido",Territorial,Salud y Protección Social,Ejecutivo,Descentralizada,CO1.BDOS.9775944,CO1.PCCNTR.9187435,2026-0576,En ejecución,V1.80111600,PRESTAR SERVICIOS DE APOYO A LA GESTIÓN CON AUTONOMÍA TÉCNICA Y ADMINISTRATIVA EN EL COMPONENTE DE ARTES PARA EL DESARROLLO DE PROCESOS PEDAGÓGICOS; DE FORMACIÓN ARTÍSTICA Y MUSICAL PARA NNAJ BENEFICIARIOS DEL IDIPRON EN EL MARCO DEL PROYECTO DE INVERSIÓN 7755,Prestación de servicios,Contratación directa,Servicios profesionales y apoyo a la gestión,2026-01-29T00:00:00.000,2026-01-30T00:00:00.000,2026-08-29T00:00:00.000,NXTWY.DLVY.6,Cédula de Ciudadanía,No,No,No,No,No,No,No,Distribuido,Inversión,22050000,0,22050000,6195000,15855000,0,0,6195000,0,0,No,0,No aplica,No aplica,"{""url"": ""https://community.secop.gov.co/Public/Tendering/OpportunityDetail/Index?noticeUID=CO1.NTC.9819496&isFromPublicArea=True&isModal=true&asPopupView=true""}",CO,Sin Descripcion,No Definido,0,0,0,22050000,0,0,,700367014,,,PRESTAR SERVICIOS DE APOYO A LA GESTIÓN CON AUTONOMÍA TÉCNICA Y ADMINISTRATIVA EN EL COMPONENTE DE ARTES PARA EL DESARROLLO DE PROCESOS PEDAGÓGICOS; DE FORMACIÓN ARTÍSTICA Y MUSICAL PARA NNAJ BENEFICIARIOS DEL IDIPRON EN EL MARCO DEL PROYECTO DE INVERSIÓN 7755,7 Mes(es),No,,No definido,No definido,No definido,No,No definido,"CALLE 18 ·15- 62
Bogotá
Distrito Capital de Bogotá
COLOMBIA",No definido,No definido,No definido,No definido,No definido,No,,,,
IDARTES,900413030,Distrito Capital de Bogotá,Bogotá,"Colombia, Bogotá,  Bogotá",Nacional,Cultura,Ejecutivo,Centralizada,CO1.BDOS.6620831,CO1.PCCNTR.6709064,2833-2024,En ejecución,V1.80111500,"Prestar servicios de apoyo a la gestión al IDARTES -
Subdirección de Formación Artística; para el
desarrollo y ejecución de los procesos de formación
artística; en el marco del Programa Crea; acorde con
las perspectivas pedagógicas del programa y de
acuerdo con los requerimientos de la entidad.",Prestación de servicios,Contratación directa,Servicios profesionales y apoyo a la gestión,2024-09-02T00:00:00.000,2024-09-10T00:00:00.000,2024-11-15T00:00:00.000,A convenir,Cédula de Ciudadanía,No,No,No,No,No,No,No,Distribuido,Inversión,8997450,0,8997450,0,8997450,0,0,0,0,0,No,0,No aplica,No aplica,"{""url"": ""https://community.secop.gov.co/Public/Tendering/OpportunityDetail/Index?noticeUID=CO1.NTC.6637942&isFromPublicArea=True&isModal=true&asPopupView=true""}",CO,Sin Descripcion,No Definido,0,0,0,8997450,0,0,,702066127,,,"Prestar servicios de apoyo a la gestión al IDARTES -
Subdirección de Formación Artística; para el
desarrollo y ejecución de los procesos de formación
artística; en el marco del Programa Crea; acorde con
las perspectivas pedagógicas del programa y de
acuerdo con los requerimientos de la entidad.",74 Dia(s),No,,Cédula de Ciudadanía,Cédula de Ciudadanía,No definido,No,No definido,"CRA 8 15-46
Bogotá
Distrito Capital de Bogotá
COLOMBIA",No definido,No definido,No definido,No definido,No definido,No,,,,
GOBERNACIÓN DEL CAUCA,891580016,Cauca,Popayán,"Colombia,  Cauca ,  Popayán",Territorial,Servicio Público,Ejecutivo,Centralizada,CO1.BDOS.6230975,CO1.PCCNTR.7110199,1626-2024,Cerrado,V1.80111600,PRESTAR SERVICIOS PROFESIONALES PARA LA EJECUCIÓN DE ACTIVIDADES QUE PERMITAN FORTALECER LA GESTIÓN FINANCIERA Y CONTABLE EN EL MARCO DEL PROYECTO FORTALECIMIENTO DEL OBSERVATORIO DE ASUNTOS DE LA MUJER DEL DEPARTAMENTO DEL CAUCA CON BPIN 2024003190017,Prestación de servicios,Contratación directa,Servicios profesionales y apoyo a la gestión,2024-12-13T00:00:00.000,2024-12-13T00:00:00.000,2024-12-26T00:00:00.000,NXTWY.DLVY.2,Cédula de Ciudadanía,No,No,No,No,No,No,No,Distribuido,Inversión,3800000,0,1773333,2026667,1773333,0,0,2026667,0,0,No,0,No aplica,No aplica,"{""url"": ""https://community.secop.gov.co/Public/Tendering/OpportunityDetail/Index?noticeUID=CO1.NTC.7160028&isFromPublicArea=True&isModal=true&asPopupView=true""}",CO,Sin Descripcion,Mujer,0,0,0,3800000,0,0,2025-04-01T00:00:00.000,700859218,,,PRESTAR SERVICIOS PROFESIONALES PARA LA EJECUCIÓN DE ACTIVIDADES QUE PERMITAN FORTALECER LA GESTIÓN FINANCIERA Y CONTABLE EN EL MARCO DEL PROYECTO FORTALECIMIENTO DEL OBSERVATORIO DE ASUNTOS DE LA MUJER DEL DEPARTAMENTO DEL CAUCA CON BPIN 2024003190017,24 Dia(s),No,,Cédula de Ciudadanía,Cédula de Ciudadanía,No definido,No,No definido,"CARRERA 6 NO. 3-82 EDIF DE LA GOBERNACION DEL CAUCA
Popayán
Cauca
COLOMBIA",No definido,No definido,No definido,No definido,No definido,No,,,,
IDRD - ENTIDAD OFICIAL.,860061099,Distrito Capital de Bogotá,Bogotá,"Colombia, Bogotá,  Bogotá",Territorial,Cultura,Ejecutivo,Descentralizada,CO1.BDOS.8504798,CO1.PCCNTR.8359901,IDRD-SG-3726-2025,En ejecución,V1.90101501,CONTRATAR LA PRESTACIÓN DEL SERVICIO DE ALIMENTACIÓN PREPARADA; DISTRIBUCIÓN Y ENTREGA DE REFRIGERIOS E HIDRATACIÓN; REQUERIDA PARA DEPORTISTAS POR EL INSTITUTO DISTRITAL DE RECREACIÓN Y DEPORTE - IDRD.,Prestación de servicios,Selección abreviada subasta inversa,Suministro de bienes y servicios de características técnicas uniformes y común utilización,2025-09-24T00:00:00.000,2025-10-01T00:00:00.000,2027-12-31T00:00:00.000,NXTWY.DLVY.6,NIT,No,No,No,Si,No,No,No,Distribuido,Inversión,10583000000,0,0,10583000000,0,0,0,10583000000,0,0,No,0,No aplica,No aplica,"{""url"": ""https://community.secop.gov.co/Public/Tendering/OpportunityDetail/Index?noticeUID=CO1.NTC.8658641&isFromPublicArea=True&isModal=true&asPopupView=true""}",CO,Sin Descripcion,Mujer,0,0,0,10583000000,0,0,,701925125,2028-01-10T00:00:00.000,2028-07-10T00:00:00.000,CONTRATAR LA PRESTACIÓN DEL SERVICIO DE ALIMENTACIÓN PREPARADA; DISTRIBUCIÓN Y ENTREGA DE REFRIGERIOS E HIDRATACIÓN; REQUERIDA PARA DEPORTISTAS POR EL INSTITUTO DISTRITAL DE RECREACIÓN Y DEPORTE - IDRD.,835 Dia(s),No,,Cédula de Ciudadanía,Cédula de Ciudadanía,Cédula de Ciudadanía,No,No definido,"Calle 63 # 59A - 06
Bogotá
Distrito Capital de Bogotá
COLOMBIA",No definido,No definido,No definido,No definido,No definido,No,,,,
ALCALDIA DE PASTO,891280000,Nariño,Pasto,"Colombia,  Nariño ,  Pasto",Territorial,Servicio Público,Ejecutivo,Descentralizada,CO1.BDOS.8395656,CO1.PCCNTR.8070910,20253379,Cerrado,V1.80111600,Prestar sus servicios PROFESIONALES; con plena autonomía técnica y administrativa en la Secretaría de Gobierno Municipal - Subsecretaria de Convivencia y Derechos Humanos; contemplados dentro del proyecto Apoyo a la población víctima y reincorporada del conflicto armado; vigencia 2025 en el municip,Prestación de servicios,Contratación directa,Servicios profesionales y apoyo a la gestión,2025-07-10T00:00:00.000,2025-07-16T00:00:00.000,2025-12-31T00:00:00.000,No Definido,Cédula de Ciudadanía,No,No,No,No,No,No,No,Distribuido,Inversión,14400000,0,0,14400000,0,0,0,14400000,0,0,No,0,No aplica,No aplica,"{""url"": ""https://community.secop.gov.co/Public/Tendering/OpportunityDetail/Index?noticeUID=CO1.NTC.8417984&isFromPublicArea=True&isModal=true&asPopupView=true""}",CO,Sin Descripcion,Mujer,0,0,0,14400000,0,0,2026-06-19T00:00:00.000,700694094,,,Prestar sus servicios PROFESIONALES; con plena autonomía técnica y administrativa en la Secretaría de Gobierno Municipal - Subsecretaria de Convivencia y Derechos Humanos; contemplados dentro del proyecto Apoyo a la población víctima y reincorporada del conflicto armado; vigencia 2025 en el municipio de pasto; radicado en el banco de proyectos de la oficina de planeación de gestión institucional bajo 2024520010138 16 de noviembre de 2024 SGMOP269.,170 Dia(s),No,,Cédula de Ciudadanía,Cédula de Ciudadanía,No definido,No,No definido,"CAM ANGANOY LOS ROSALES II
Pasto
Nariño
COLOMBIA",No definido,No definido,No definido,No definido,No definido,No,,,,
GOBERNACION DEL AMAZONAS,899999336,Amazonas,Leticia,"Colombia, Departamento del Amazonas , Leticia",Territorial,Servicio Público,Ejecutivo,Centralizada,CO1.BDOS.9712179,CO1.PCCNTR.9095287,0748-2026,En ejecución,V1.80111600,"PRESTACION DE SERVICIOS DE UN AUXILIAR COMO APOYO AL PROCESO DE
GESTION PROGRAMATICA DE LA SALUD PUBLICA DE LA SECRETARIA DE SALUD
DEPARTAMENTAL",Prestación de servicios,Contratación directa,Servicios profesionales y apoyo a la gestión,2026-01-23T00:00:00.000,2026-01-23T00:00:00.000,2026-07-22T00:00:00.000,NXTWY.DLVY.2,Cédula de Ciudadanía,No,No,No,No,No,No,No,Distribuido,Inversión,13680000,0,13680000,10792000,2888000,0,0,10792000,0,0,No,0,No aplica,No aplica,"{""url"": ""https://community.secop.gov.co/Public/Tendering/OpportunityDetail/Index?noticeUID=CO1.NTC.9731005&isFromPublicArea=True&isModal=true&asPopupView=true""}",CO,Sin Descripcion,Mujer,0,13680000,0,0,0,0,,702878539,,,"PRESTACION DE SERVICIOS DE UN AUXILIAR COMO APOYO AL PROCESO DE
GESTION PROGRAMATICA DE LA SALUD PUBLICA DE LA SECRETARIA DE SALUD
DEPARTAMENTAL",180 Dia(s),No,,Cédula de Ciudadanía,Cédula de Ciudadanía,Cédula de Ciudadanía,No,No definido,"CALLE 10 # 10 - 77
Leticia
Amazonas
COLOMBIA",No definido,No definido,No definido,No definido,No definido,No,,,,
CONTRALORIA MUNICIPAL DE IBAGUE,890706867,Tolima,Ibagué,"Colombia,  Tolima ,  Ibagué",Territorial,No aplica/No pertenece,Corporación Autónoma,Centralizada,CO1.BDOS.8419213,CO1.PCCNTR.8087686,CPS-063-2025,terminado,V1.80111701,PRESTACION DE SERVICIOS DE APOYO PARA REALIZAR ACTIVIDADES EN LA OFICINA ASESORA JURIDICA DE LA CONTRALORIA MUNICIPAL DE IBAGUE.,Prestación de servicios,Contratación directa,Servicios profesionales y apoyo a la gestión,2025-07-16T00:00:00.000,2025-07-18T00:00:00.000,2025-11-17T00:00:00.000,No Definido,Cédula de Ciudadanía,No,No,No,No,No,No,No,Distribuido,Funcionamiento,3180000,0,3180000,0,3180000,0,0,0,0,0,No,0,No aplica,No aplica,"{""url"": ""https://community.secop.gov.co/Public/Tendering/OpportunityDetail/Index?noticeUID=CO1.NTC.8441312&isFromPublicArea=True&isModal=true&asPopupView=true""}",CO,Sin Descripcion,Mujer,0,0,0,3180000,0,0,2025-09-30T00:00:00.000,700600042,,,PRESTACION DE SERVICIOS DE APOYO PARA REALIZAR ACTIVIDADES EN LA OFICINA ASESORA JURIDICA DE LA CONTRALORIA MUNICIPAL DE IBAGUE.,4 Mes(es),No,,Cédula de Ciudadanía,Cédula de Ciudadanía,Cédula de Ciudadanía,No,No definido,"Palacio Municipal Piso 3
Ibagué
Tolima
COLOMBIA",No definido,No definido,No definido,No definido,No definido,No,,,,
SECRETARIA DE EDUCACION DEL DISTRITO,8999990619,Distrito Capital de Bogotá,No Definido,"Colombia, Bogotá, No Definido",Territorial,Educación Nacional,Ejecutivo,Centralizada,CO1.BDOS.10941629,CO1.PCCNTR.10027178,CO1.PCCNTR.10027178,enviado Proveedor,UNSPECIFIED,Prestar servicios profesionales para gestionar las peticiones; quejas; reclamos y denuncias relacionadas con los servicios de educación inicial,Prestación de servicios,Contratación directa,Servicios profesionales y apoyo a la gestión,,,2026-12-31T00:00:00.000,No Definido,Cédula de Ciudadanía,No,No,No,No,No,No,No,Distribuido,Inversión,23643468,0,0,23643468,0,0,0,23643468,0,0,No,0,No aplica,No aplica,"{""url"": ""https://community.secop.gov.co/Public/Tendering/OpportunityDetail/Index?noticeUID=CO1.NTC.11000810&isFromPublicArea=True&isModal=true&asPopupView=true""}",CO,Cédula de Ciudadanía,Mujer,0,0,0,23643468,0,0,,701321135,,,Prestar servicios profesionales para gestionar las peticiones; quejas; reclamos y denuncias relacionadas con los servicios de educación inicial,90 Dia(s),No,,No definido,No definido,No definido,No,No definido,"Avenida el Dorado No. 66-63
Bogotá
Distrito Capital de Bogotá
COLOMBIA",No definido,No definido,No definido,No definido,No definido,No,,,,
MUNICIPIO DE SAN JOSE DE CUCUTA,890501434,Norte de Santander,Cúcuta,"Colombia, Norte de Santander, Cúcuta",Territorial,Servicio Público,Ejecutivo,Centralizada,CO1.BDOS.2387961,CO1.PCCNTR.3040357,3102-2021,terminado,V1.80111600,"Desarrollar estrategias organización y planeación empresarial
que respalden el proceso de formulación de política pública de
emprendimiento del municipio de San José de Cúcuta.",Prestación de servicios,Contratación directa,Servicios profesionales y apoyo a la gestión,2021-11-17T00:00:00.000,2021-11-17T00:00:00.000,2021-12-30T00:00:00.000,NXTWY.DLVY.6,Cédula de Ciudadanía,No,No,No,No,No,No,No,Distribuido,Inversión,7000000,0,7000000,0,7000000,0,0,0,7000000,0,No,0,No aplica,No aplica,"{""url"": ""https://community.secop.gov.co/Public/Tendering/OpportunityDetail/Index?noticeUID=CO1.NTC.2397396&isFromPublicArea=True&isModal=true&asPopupView=true""}",CO,Sin Descripcion,Mujer,0,7000000,0,0,0,0,2025-05-23T00:00:00.000,700445042,,,"Desarrollar estrategias organización y planeación empresarial
que respalden el proceso de formulación de política pública de
emprendimiento del municipio de San José de Cúcuta.",45 Dia(s),No,,Cédula de Ciudadanía,Cédula de Ciudadanía,No definido,No,No definido,"ALCALDIA DE CUCUTA
Cúcuta
Norte de Santander
COLOMBIA",No definido,No definido,No definido,No definido,No definido,No,,,,
SENA HOTELERIA TURISMO Y ALIMENTOS,8999990341,Distrito Capital de Bogotá,Bogotá,"Colombia, Bogotá,  Bogotá",Nacional,Trabajo,Corporación Autónoma,Centralizada,CO1.BDOS.5459274,CO1.PCCNTR.5838091,CO1.PCCNTR.5838091,Cerrado,V1.86101710,"Prestar servicios personales de carácter temporal como Instructor 
para orientar la formación de acuerdo a la guía para desarrollar los 
procesos formativos en formación Titulada y/o Complementaria 
presencial y/o virtual del Centro Nacional de Hotelería Turismo y 
alimentos; sedes; subsedes y/o amb",Prestación de servicios,Contratación directa,Servicios profesionales y apoyo a la gestión,2024-01-29T00:00:00.000,2024-02-01T00:00:00.000,2024-12-14T00:00:00.000,NXTWY.DLVY.3,Cédula de Ciudadanía,No,No,No,No,No,No,No,Distribuido,Inversión,46739371,0,46739371,0,46739371,0,0,0,6401567191,0,No,0,No aplica,No aplica,"{""url"": ""https://community.secop.gov.co/Public/Tendering/OpportunityDetail/Index?noticeUID=CO1.NTC.5472924&isFromPublicArea=True&isModal=true&asPopupView=true""}",CO,Cédula de Ciudadanía,Mujer,46739371,0,0,0,0,0,2026-06-03T00:00:00.000,702731035,,,"Prestar servicios personales de carácter temporal como Instructor 
para orientar la formación de acuerdo a la guía para desarrollar los 
procesos formativos en formación Titulada y/o Complementaria 
presencial y/o virtual del Centro Nacional de Hotelería Turismo y 
alimentos; sedes; subsedes y/o ambientes dispuestos para la 
formación",314 Dia(s),No,,Cédula de Ciudadanía,Cédula de Ciudadanía,Cédula de Ciudadanía,No,No definido,"Cra 30 No. 15 53
Bogotá
Distrito Capital de Bogotá
COLOMBIA",No definido,No definido,No definido,No definido,No definido,No,,,,
ALCALDIA MUNICIPIO DE GIRON SANTANDER,890204802,Santander,Girón,"Colombia,  Santander ,  Girón",Territorial,Servicio Público,Ejecutivo,Centralizada,CO1.BDOS.8758481,CO1.PCCNTR.8328264,688-2025,terminado,V1.80111600,"PRESTAR LOS SERVICIOS COMO APOYO TECNICO A LA
GESTION EN EL MARCO DEL PROYECTO ACTUALIZACION DEL
REGISTRO DE POTENCIALES BENEFICIARIOS DE PROGRAMAS
SOCIALES SISBEN DEL MUNICIPIO DE GIRON SANTANDER.",Prestación de servicios,Contratación directa,Servicios profesionales y apoyo a la gestión,2025-09-15T00:00:00.000,2025-09-17T00:00:00.000,2025-12-15T00:00:00.000,NXTWY.DLVY.6,Cédula de Ciudadanía,No,No,No,No,No,No,No,Distribuido,Inversión,6600000,0,6600000,0,6600000,0,0,0,0,0,No,0,No aplica,No aplica,"{""url"": ""https://community.secop.gov.co/Public/Tendering/OpportunityDetail/Index?noticeUID=CO1.NTC.8781998&isFromPublicArea=True&isModal=true&asPopupView=true""}",CO,Sin Descripcion,Mujer,0,0,0,6600000,0,0,2026-01-29T00:00:00.000,701108102,,,"PRESTAR LOS SERVICIOS COMO APOYO TECNICO A LA
GESTION EN EL MARCO DEL PROYECTO ACTUALIZACION DEL
REGISTRO DE POTENCIALES BENEFICIARIOS DE PROGRAMAS
SOCIALES SISBEN DEL MUNICIPIO DE GIRON SANTANDER.",3 Mes(es),No,,Cédula de Ciudadanía,Cédula de Ciudadanía,No definido,No,No definido,"CARRERA 25 # 30-32 ALCALDIA MUNICIPAL PISO 1
Girón
Santander
COLOMBIA",No definido,No definido,No definido,No definido,No definido,No,,,,
Instituto Municipal de Cultura y Turismo de Bucaramanga,890204594,Santander,Bucaramanga,"Colombia,  Santander ,  Bucaramanga",Territorial,Cultura,Corporación Autónoma,Descentralizada,CO1.BDOS.2797387,CO1.PCCNTR.3538934,211-2022,Cerrado,V1.82151700,PRESTAR SERVICIOS PROFESIONALES COMO MAESTRA EN MÚSICA EN EL INSTITUTO MUNICIPAL DE CULTURA Y TURISMO DE BUCARAMANGA; PARA DESEMPEÑARSE COMO DOCENTE DEL PROGRAMA ACADÉMICO EN INTERPRETACIÓN MUSICAL; SEGÚN ESPECIFICACIONES TÉCNICAS ESENCIALES,Prestación de servicios,Contratación directa,Servicios profesionales y apoyo a la gestión,2022-01-31T00:00:00.000,2022-02-01T00:00:00.000,2022-07-30T00:00:00.000,Como acordado previamente,Cédula de Ciudadanía,No,No,No,Si,No,No,No,Distribuido,Inversión,13860000,0,13860000,0,13860000,0,0,0,13860000,0,No,0,No aplica,No aplica,"{""url"": ""https://community.secop.gov.co/Public/Tendering/OpportunityDetail/Index?noticeUID=CO1.NTC.2802658&isFromPublicArea=True&isModal=true&asPopupView=true""}",CO,Cédula de Ciudadanía,Mujer,0,0,0,13860000,0,0,2023-10-03T00:00:00.000,702166430,2022-08-01T00:00:00.000,2022-12-31T00:00:00.000,PRESTAR SERVICIOS PROFESIONALES COMO MAESTRA EN MÚSICA EN EL INSTITUTO MUNICIPAL DE CULTURA Y TURISMO DE BUCARAMANGA; PARA DESEMPEÑARSE COMO DOCENTE DEL PROGRAMA ACADÉMICO EN INTERPRETACIÓN MUSICAL; SEGÚN ESPECIFICACIONES TÉCNICAS ESENCIALES,6 Mes(es),No,,Cédula de Ciudadanía,Cédula de Ciudadanía,No definido,No,No definido,"Calle 30 # 26-117
Bucaramanga
Santander
COLOMBIA",No definido,No definido,No definido,No definido,No definido,No,,,,
E.S.P .PIEDECUESTANA DE SERVICIOS PUBLICOS,804005441,Santander,Piedecuesta,"Colombia,  Santander ,  Piedecuesta",Territorial,No aplica/No pertenece,Ejecutivo,Descentralizada,CO1.BDOS.5380856,CO1.PCCNTR.5716009,012-2024,terminado,V1.72103304,APOYO EN LA EJECUCIÓN DE PROCESOS Y SUBPROCESOS PARA LA OPERACIÓN DEL SISTEMA DE ASEO (BARRIDO Y RECOLECCIÓN) DE LA EMPRESA PIEDECUESTANA DE SERVICIOS PÚBLICOS,Prestación de servicios,Contratación régimen especial,Regla aplicable,2024-01-05T00:00:00.000,2024-01-06T00:00:00.000,2024-02-20T00:00:00.000,A convenir,NIT,No,No,No,Si,No,No,No,Recursos Propios,Inversión,221479054.58,0,212176519.09,9302535.49,212176519.09,0,0,9302535.49,221479055,0,No,0,No aplica,No aplica,"{""url"": ""https://community.secop.gov.co/Public/Tendering/OpportunityDetail/Index?noticeUID=CO1.NTC.5395055&isFromPublicArea=True&isModal=true&asPopupView=true""}",CO,Sin Descripcion,Hombre,0,0,0,0,0,221479055,2024-07-22T00:00:00.000,707468906,2024-02-21T00:00:00.000,2024-06-20T00:00:00.000,APOYO EN LA EJECUCIÓN DE PROCESOS Y SUBPROCESOS PARA LA OPERACIÓN DEL SISTEMA DE ASEO (BARRIDO Y RECOLECCIÓN) DE LA EMPRESA PIEDECUESTANA DE SERVICIOS PÚBLICOS,45 Dia(s),No,,Cédula de Ciudadanía,Cédula de Ciudadanía,No definido,No,No definido,"Cra. 8 #12-28
Piedecuesta
Santander
COLOMBIA",No definido,No definido,No definido,No definido,No definido,No,,,,
MUNICIPIO DE TUNJA/,891800846,Boyacá,Tunja,"Colombia,  Boyacá ,  Tunja",Territorial,Servicio Público,Ejecutivo,Descentralizada,CO1.BDOS.10854639,CO1.PCCNTR.9944907,1673 DE 2026,En ejecución,V1.80111600,CID-20 PRESTACIÓN DE SERVICIOS PROFESIONALES ESPECIALIZADOS DE ABOGADO PARA ADELANTAR LA ACCIÓN DISCIPLINARIA EN LA ETAPA DE INSTRUCCIÓN DE LOS PROCESOS DISCIPLINARIOS A CARGO DE LA DIVISIÓN DE GESTIÓN DE INSTRUCCIÓN DISCIPLINARIA DE LA UNIDAD ESPECIAL DE CONTROL INTERNO DISCIPLINARIO DEL MUNICIPIO,Prestación de servicios,Contratación directa,Servicios profesionales y apoyo a la gestión,2026-09-14T00:00:00.000,2026-09-16T00:00:00.000,2026-12-15T00:00:00.000,NXTWY.DLVY.6,Cédula de Ciudadanía,No,No,No,No,No,No,No,Distribuido,Inversión,13287000,0,0,13287000,0,0,0,13287000,0,0,No,0,No aplica,No aplica,"{""url"": ""https://community.secop.gov.co/Public/Tendering/OpportunityDetail/Index?noticeUID=CO1.NTC.10893481&isFromPublicArea=True&isModal=true&asPopupView=true""}",CO,Sin Descripcion,Mujer,0,0,0,13287000,0,0,,702354804,,,CID-20 PRESTACIÓN DE SERVICIOS PROFESIONALES ESPECIALIZADOS DE ABOGADO PARA ADELANTAR LA ACCIÓN DISCIPLINARIA EN LA ETAPA DE INSTRUCCIÓN DE LOS PROCESOS DISCIPLINARIOS A CARGO DE LA DIVISIÓN DE GESTIÓN DE INSTRUCCIÓN DISCIPLINARIA DE LA UNIDAD ESPECIAL DE CONTROL INTERNO DISCIPLINARIO DEL MUNICIPIO DE TUNJA,3 Mes(es),No,,Cédula de Ciudadanía,Cédula de Ciudadanía,No definido,No,No definido,"CALLE 19 # 9-95
Tunja
Boyacá
COLOMBIA",No definido,No definido,No definido,No definido,No definido,No,,,,
SUBRED INTEGRADA DE SERVICIOS DE SALUD SUR E.S.E.**,900958564,Distrito Capital de Bogotá,Bogotá,"Colombia, Bogotá, Bogotá",Territorial,Salud y Protección Social,Ejecutivo,Descentralizada,CO1.BDOS.549926,CO1.PCCNTR.580831,12387-2018,Modificado,V1.80111701,PRESTAR SERVICIOS DE APOYO A LA GESTION ASISTENCIAL,Prestación de servicios,Contratación régimen especial,Regla aplicable,2018-09-30T00:00:00.000,2018-10-01T00:00:00.000,2018-10-15T00:00:00.000,A convenir,Cédula de Ciudadanía,No,No,No Definido,No,No,No,No,Distribuido,Funcionamiento,1550000,0,0,1550000,0,0,0,1550000,2200000000,0,No,0,No aplica,No aplica,"{""url"": ""https://community.secop.gov.co/Public/Tendering/OpportunityDetail/Index?noticeUID=CO1.NTC.546533&isFromPublicArea=True&isModal=true&asPopupView=true""}",CO,Sin Descripcion,No Definido,0,0,0,0,0,0,2018-10-19T00:00:00.000,702730482,,,PRESTAR SERVICIOS DE APOYO A LA GESTION ASISTENCIAL,No definido,No,,No definido,No definido,No definido,No definido,No definido,"CARRERA 24C No. 53-47 SUR
Bogotá
Distrito Capital de Bogotá
COLOMBIA",No definido,No definido,No definido,No definido,No definido,No,,,,
ESE HOSPITAL UNIVERSITARIO JULIO MENDEZ BARRENECHE,891780185,Magdalena,Santa Marta,"Colombia,  Magdalena ,  Santa Marta",Territorial,Salud y Protección Social,Ejecutivo,Descentralizada,CO1.BDOS.4697598,CO1.PCCNTR.5197271,CD20232898,En ejecución,V1.80111600,PRESTAR LOS SERVICIOS COMO PROFESIONAL ESPECIALIZADO PARA LAS UNIDADES FUNCIONALES DE RECURSOS FISICOS Y SISTEMAS DE INFORMACION Y TIC DE LA E.S.E. HOSPITAL UNIVERSITARIO JULIO MENDEZ BARRENECHE.,Prestación de servicios,Contratación régimen especial,Regla aplicable,2023-07-06T00:00:00.000,2023-07-07T00:00:00.000,2023-09-30T00:00:00.000,A convenir,Cédula de Ciudadanía,No,No,No,No,No,No,No,Recursos Propios,Funcionamiento,10800000,0,10800000,10800000,0,0,0,10800000,10800000,0,No,0,No aplica,No aplica,"{""url"": ""https://community.secop.gov.co/Public/Tendering/OpportunityDetail/Index?noticeUID=CO1.NTC.4704080&isFromPublicArea=True&isModal=true&asPopupView=true""}",CO,Sin Descripcion,Hombre,0,0,0,0,0,10800000,,705278133,,,PRESTAR LOS SERVICIOS COMO PROFESIONAL ESPECIALIZADO PARA LAS UNIDADES FUNCIONALES DE RECURSOS FISICOS Y SISTEMAS DE INFORMACION Y TIC DE LA E.S.E. HOSPITAL UNIVERSITARIO JULIO MENDEZ BARRENECHE.,3 Mes(es),No,,Cédula de Ciudadanía,Cédula de Ciudadanía,No definido,No,No definido,"CARRERA 14 # 23 - 42
Santa Marta
Magdalena
COLOMBIA",No definido,No definido,No definido,No definido,No definido,No,,,,
SENA REGIONAL DISTRITO CAPITAL Grupo Administrativo Intercentros CTCM,899999034,Distrito Capital de Bogotá,No Definido,"Colombia, Bogotá, No Definido",Nacional,Trabajo,Ejecutivo,Descentralizada,CO1.BDOS.1770415,CO1.PCCNTR.2265957,CO1.PCCNTR.2265957,Cerrado,V1.80111620,Prestar servicios de carácter temporal; para impartir formación en el centro de tecnologías para la construcción y la madera para cubrir las necesidades del sector productivo de la región o zona de influencia que atiende este centro; para el cumplimiento de las metas de formación,Prestación de servicios,Contratación directa,Servicios profesionales y apoyo a la gestión,2021-02-16T00:00:00.000,2021-02-16T00:00:00.000,2021-12-22T00:00:00.000,NXTWY.DLVY.2,Cédula de Ciudadanía,No,Si,No,No,No,No,No,Distribuido,Inversión,39910000,0,39910000,0,39910000,0,0,0,5928670000,0,No,0,No aplica,No aplica,"{""url"": ""https://community.secop.gov.co/Public/Tendering/OpportunityDetail/Index?noticeUID=CO1.NTC.1767053&isFromPublicArea=True&isModal=true&asPopupView=true""}",CO,Cédula de Ciudadanía,No Definido,39910000,0,0,0,0,0,2025-11-01T00:00:00.000,704160571,,,Prestar servicios de carácter temporal; para impartir formación en el centro de tecnologías para la construcción y la madera para cubrir las necesidades del sector productivo de la región o zona de influencia que atiende este centro; para el cumplimiento de las metas de formación,307 Dia(s),Si,2021-11-22T00:00:00.000,Cédula de Ciudadanía,Cédula de Ciudadanía,No definido,No definido,No definido,"Avenida Caracas No. 13 - 80
Bogotá
Distrito Capital de Bogotá
COLOMBIA",No definido,No definido,No definido,No definido,No definido,No,,,,
CORPORACION AUTONOMA REGIONAL DEL QUINDIO,8900004478,Quindío,Armenia,"Colombia, Quindío, Armenia",Nacional,No aplica/No pertenece,Ejecutivo,Centralizada,CO1.BDOS.4132973,CO1.PCCNTR.4740183,CPS-345-2023,Cerrado,V1.80111600,PRESTAR SERVICIOS DE APOYO EN EL ARCHIVO CENTRAL DE LA ENTIDAD; EN LAS ACTIVIDADES INHERENTES A LA GESTIÓN DOCUMENTAL REQUERIDAS SEGÚN LO ESTABLECIDO EN LA LEY GENERAL DE ARCHIVO.,Prestación de servicios,Contratación directa,Servicios profesionales y apoyo a la gestión,2023-03-07T00:00:00.000,2023-03-08T00:00:00.000,2023-05-24T00:00:00.000,No Definido,Cédula de Ciudadanía,No,No,No,No,No,No,No,Recursos Propios,Inversión,5100000,0,2550000,2550000,2550000,0,0,2550000,5100000,0,No,0,No aplica,No aplica,"{""url"": ""https://community.secop.gov.co/Public/Tendering/OpportunityDetail/Index?noticeUID=CO1.NTC.4135161&isFromPublicArea=True&isModal=true&asPopupView=true""}",CO,Sin Descripcion,Mujer,0,0,0,0,0,5100000,2026-03-20T00:00:00.000,702856097,,,PRESTAR SERVICIOS DE APOYO EN EL ARCHIVO CENTRAL DE LA ENTIDAD; EN LAS ACTIVIDADES INHERENTES A LA GESTIÓN DOCUMENTAL REQUERIDAS SEGÚN LO ESTABLECIDO EN LA LEY GENERAL DE ARCHIVO.,90 Dia(s),No,,Cédula de Ciudadanía,No definido,No definido,No,No definido,"calle 19 norte nº 19-55 
Armenia
Quindío
COLOMBIA",No definido,No definido,No definido,No definido,No definido,No,,,,
MUNICIPIO DE ARMENIA QUINDIO,890000464,Quindío,Armenia,"Colombia,  Quindío ,  Armenia",Territorial,Servicio Público,Ejecutivo,Centralizada,CO1.BDOS.6575828,CO1.PCCNTR.6673779,SH-CD-2024-2653,Aprobado,V1.80111607,PRESTAR SERVICIOS PROFESIONALES EN LA SECRETARÍA DE HACIENDA DEL MUNICIPIO DE ARMENIA PARA EL ACOMPAÑAMIENTO JURÍDICO EN EL PROCESO DE RECUPERACIÓN DE CARTERA; EN LA ELABORACIÓN; DE ACTOS DE LIQUIDACIÓN Y COBRO; NOTIFICACIÓN; COMUNICACIÓN DE ACTUACIONES ADMINISTRATIVAS DENTRO DEL PROCEDIMIENTO TRIBU,Prestación de servicios,Contratación directa,Servicios profesionales y apoyo a la gestión,2024-08-23T00:00:00.000,2024-08-23T00:00:00.000,2024-11-20T00:00:00.000,A convenir,Cédula de Ciudadanía,No,No,No,No,No,No,No,Distribuido,Inversión,9000000,0,0,9000000,0,0,0,9000000,0,0,No,0,No aplica,No aplica,"{""url"": ""https://community.secop.gov.co/Public/Tendering/OpportunityDetail/Index?noticeUID=CO1.NTC.6592109&isFromPublicArea=True&isModal=true&asPopupView=true""}",CO,Cédula de Ciudadanía,Hombre,0,0,9000000,0,0,0,,701365033,,,PRESTAR SERVICIOS PROFESIONALES EN LA SECRETARÍA DE HACIENDA DEL MUNICIPIO DE ARMENIA PARA EL ACOMPAÑAMIENTO JURÍDICO EN EL PROCESO DE RECUPERACIÓN DE CARTERA; EN LA ELABORACIÓN; DE ACTOS DE LIQUIDACIÓN Y COBRO; NOTIFICACIÓN; COMUNICACIÓN DE ACTUACIONES ADMINISTRATIVAS DENTRO DEL PROCEDIMIENTO TRIBUTARIO POR CONCEPTO DE RENTAS VARIAS.,90 Dia(s),No,,Cédula de Ciudadanía,Cédula de Ciudadanía,No definido,No,No definido,"CARRERA 16 NRO 17-00
Armenia
Quindío
COLOMBIA",No definido,No definido,No definido,No definido,No definido,No,,,,
Instituto Departamental de Recreación y Deporte INDERSANTANDER SITIO OFICIAL,804004370,Santander,Bucaramanga,"Colombia,  Santander ,  Bucaramanga",Territorial,deportes,Corporación Autónoma,Descentralizada,CO1.BDOS.4060583,CO1.PCCNTR.4680248,049,En ejecución,V1.80111600,PRESTAR LOS SERVICIOS DE APOYO  A LA GESTIÓN COMO ENTRENADOR DE ALTO RENDIMIENTO CONVENCIONAL NIVEL IV DE LAS LIGAS DESARROLLO EN LA DISCIPLINA DE ATLETISMO FONDO Y SEMIFONDO; CON EL FIN DE PREPARAR LOS DEPORTISTAS QUE PARTICIPARÁN EN LOS JUEGOS DEPORTIVOS NACIONALES Y PARANACIONALES 2023; EN REPRES,Prestación de servicios,Contratación directa,Servicios profesionales y apoyo a la gestión,2023-02-22T00:00:00.000,2023-02-24T00:00:00.000,2023-12-23T00:00:00.000,Como acordado previamente,Cédula de Ciudadanía,No,No,No,No,No,No,No,Recursos Propios,Inversión,29000000,0,29000000,0,29000000,0,0,0,1723500000,0,No,0,No aplica,No aplica,"{""url"": ""https://community.secop.gov.co/Public/Tendering/OpportunityDetail/Index?noticeUID=CO1.NTC.4062155&isFromPublicArea=True&isModal=true&asPopupView=true""}",CO,Sin Descripcion,No Definido,0,0,0,0,0,29000000,,706709458,,,PRESTAR LOS SERVICIOS DE APOYO  A LA GESTIÓN COMO ENTRENADOR DE ALTO RENDIMIENTO CONVENCIONAL NIVEL IV DE LAS LIGAS DESARROLLO EN LA DISCIPLINA DE ATLETISMO FONDO Y SEMIFONDO; CON EL FIN DE PREPARAR LOS DEPORTISTAS QUE PARTICIPARÁN EN LOS JUEGOS DEPORTIVOS NACIONALES Y PARANACIONALES 2023; EN REPRESENTACIÓN DEL DEPARTAMENTO DE SANTANDER.,10 Mes(es),No,,Cédula de Ciudadanía,Cédula de Ciudadanía,No definido,No,No definido,"CRA 30 CLL 14
Bucaramanga
Santander
COLOMBIA",No definido,No definido,No definido,No definido,No definido,No,,,,
CENTRO NACIONAL DE MEMORIA  HISTORICA,900492141,Distrito Capital de Bogotá,Bogotá,"Colombia, Bogotá,  Bogotá",Nacional,Cultura,Ejecutivo,Centralizada,CO1.BDOS.317337,CO1.PCCNTR.307132,315-2018,Modificado,V1.80161506,Contratar los servicios técnicos para implementar regionalmente; el Registro Especial de Archivos de Derechos Humanos y Memoria Histórica: READH(p); en el marco de los componentes de protección; apropiación y uso social de los archivos; así como en la identificación de objetos simbólicos de memoria,Prestación de servicios,Contratación directa,Servicios profesionales y apoyo a la gestión,2018-01-22T00:00:00.000,2018-01-22T00:00:00.000,2018-11-21T00:00:00.000,A convenir,Cédula de Ciudadanía,No,No,No Definido,No,No,No,No,Distribuido,Inversión,22744950,0,0,22744950,0,0,0,22744950,22744950,0,No,0,No aplica,No aplica,"{""url"": ""https://community.secop.gov.co/Public/Tendering/OpportunityDetail/Index?noticeUID=CO1.NTC.314826&isFromPublicArea=True&isModal=true&asPopupView=true""}",CO,Sin Descripcion,No Definido,0,0,0,0,0,0,2018-04-20T00:00:00.000,700886047,,,Contratar los servicios técnicos para implementar regionalmente; el Registro Especial de Archivos de Derechos Humanos y Memoria Histórica: READH(p); en el marco de los componentes de protección; apropiación y uso social de los archivos; así como en la identificación de objetos simbólicos de memoria y de los procesos locales de archivos; emprendidos por las personas naturales y organizaciones de la sociedad civil; las metas de READH establecidas  para la vigencia 2018 y las acciones territoriales,No definido,Si,2018-11-20T00:00:00.000,No definido,No definido,No definido,No definido,No definido,"CALLE 35 N 5 -81
Bogotá
Distrito Capital de Bogotá
COLOMBIA",No definido,No definido,No definido,No definido,No definido,No,,,,
RASES - HUILA No.2,900419719,Huila,Neiva,"Colombia,  Huila ,  Neiva",Nacional,defensa,Ejecutivo,Centralizada,CO1.BDOS.5217469,CO1.PCCNTR.5593922,85-7-20191-23,terminado,V1.80161500,PRESTACIÓN DE SERVICIOS PROFESIONALES Y DE APOYO A LA GESTIÓN COMO MÉDICO GENERAL PARA EL GRUPO REDES INTEGRALES DE LA REGIONAL DE ASEGURAMIENTO EN SALUD No. 2,Prestación de servicios,Contratación directa,Servicios profesionales y apoyo a la gestión,2023-11-26T00:00:00.000,2023-11-26T00:00:00.000,2024-03-31T00:00:00.000,No Definido,Cédula de Ciudadanía,No,No,No,No,No,No,No,Distribuido,Funcionamiento,20661706.2,0,6019552.2,14642154,6019552.2,0,0,14642154,20661706,0,No,0,No aplica,No aplica,"{""url"": ""https://community.secop.gov.co/Public/Tendering/OpportunityDetail/Index?noticeUID=CO1.NTC.5235376&isFromPublicArea=True&isModal=true&asPopupView=true""}",CO,Cédula de Ciudadanía,Mujer,20661706,0,0,0,0,0,2024-12-31T00:00:00.000,702459025,,,PRESTACIÓN DE SERVICIOS PROFESIONALES Y DE APOYO A LA GESTIÓN COMO MÉDICO GENERAL PARA EL GRUPO REDES INTEGRALES DE LA REGIONAL DE ASEGURAMIENTO EN SALUD No. 2,127 Dia(s),No,,Cédula de Ciudadanía,Cédula de Ciudadanía,No definido,No,No definido,"Carrera 22; Cl. 27 Sur
Neiva
Huila
COLOMBIA",No definido,No definido,No definido,No definido,No definido,No,,,,
ALCALDIA MUNICIPAL SAN PEDRO DE URABA,890983814,Antioquia,San Pedro De Uraba,"Colombia,  Antioquia ,  San Pedro De Uraba",Territorial,Servicio Público,Ejecutivo,Centralizada,CO1.BDOS.10028279,CO1.PCCNTR.9454993,LP-001-SPIF-2026,Aprobado,V1.72103300,MEJORAMIENTOS DE VIVIENDAS EN LA ZONA RURAL EN SUS SERVICIOS PÚBLICOS (BAÑOS) EN EL MARCO DE LA CONVOCATORIA VIVA MI CASA MEJORADA; 2025 EN EL MUNICIPIO DE SAN PEDRO DE URABÁ - (CONVENIO CI-394-2025 EMPRESA DE VIVIENDA DE ANTIOQUIA VIVA; EL INSTITUTO PARA EL DESARROLLO DE ANTIOQUIA - IDEA Y EL MUN,Obra,Licitación pública,Ley 1150 de 2007,2026-05-07T00:00:00.000,,2027-01-10T00:00:00.000,No Definido,No Definido,Si,No,No,Si,No,No,No,Distribuido,Inversión,2800000000,0,0,2800000000,0,0,0,2800000000,0,0,No,0,No aplica,No aplica,"{""url"": ""https://community.secop.gov.co/Public/Tendering/OpportunityDetail/Index?noticeUID=CO1.NTC.10106403&isFromPublicArea=True&isModal=true&asPopupView=true""}",CO,Cédula de Ciudadanía,No Definido,0,0,0,2800000000,0,0,,700103047,2027-01-11T00:00:00.000,2027-05-11T00:00:00.000,MEJORAMIENTOS DE VIVIENDAS EN LA ZONA RURAL EN SUS SERVICIOS PÚBLICOS (BAÑOS) EN EL MARCO DE LA CONVOCATORIA VIVA MI CASA MEJORADA; 2025 EN EL MUNICIPIO DE SAN PEDRO DE URABÁ - (CONVENIO CI-394-2025 EMPRESA DE VIVIENDA DE ANTIOQUIA VIVA; EL INSTITUTO PARA EL DESARROLLO DE ANTIOQUIA - IDEA Y EL MUNICIPIO DE SAN PEDRO DE URABÁ - ANTIOQUIA),8 Mes(es),No,,Cédula de Ciudadanía,Cédula de Ciudadanía,No definido,No,No definido,"CR 50 Nº 52- 114 B/ EL CENTRO
San Pedro De Uraba
Antioquia
COLOMBIA",No definido,No definido,No definido,No definido,No definido,No,,,,
INDEPORTES TOLIMA,809005065,Tolima,Ibagué,"Colombia,  Tolima ,  Ibagué",Territorial,deportes,Ejecutivo,Descentralizada,CO1.BDOS.9558184,CO1.PCCNTR.8938154,0609 DE 16 DE ENERO DE 2026,En ejecución,V1.80111701,CONTRATAR LA PRESTACION DE SERVICIOS DE APOYO A LA GESTION DE UN TECNICO EN SEGURIDAD Y SALUD EN EL TRABAJO PARA QUE BRINDE ACOMPAÑAMIENTO AL SISTEMA DE GESTION DE SEGURIDAD Y SALUD EN EL TRABAJO SGSST; EN EL MARCO DEL PROYECTO APOYO A LAS ESTRATEGIAS ENFOCADAS A LA PROMOCIÓN DE LA ACTIVIDAD FÍSICA;,Prestación de servicios,Contratación directa,Servicios profesionales y apoyo a la gestión,2026-01-19T00:00:00.000,2026-01-20T00:00:00.000,2026-06-26T00:00:00.000,NXTWY.DLVY.6,Cédula de Ciudadanía,No,No,No,No,No,No,No,Distribuido,Inversión,16200000,0,16200000,0,16200000,0,0,0,0,0,No,0,No aplica,No aplica,"{""url"": ""https://community.secop.gov.co/Public/Tendering/OpportunityDetail/Index?noticeUID=CO1.NTC.9572061&isFromPublicArea=True&isModal=true&asPopupView=true""}",CO,Cédula de Ciudadanía,Hombre,0,0,0,16200000,0,0,,700814015,,,CONTRATAR LA PRESTACION DE SERVICIOS DE APOYO A LA GESTION DE UN TECNICO EN SEGURIDAD Y SALUD EN EL TRABAJO PARA QUE BRINDE ACOMPAÑAMIENTO AL SISTEMA DE GESTION DE SEGURIDAD Y SALUD EN EL TRABAJO SGSST; EN EL MARCO DEL PROYECTO APOYO A LAS ESTRATEGIAS ENFOCADAS A LA PROMOCIÓN DE LA ACTIVIDAD FÍSICA; LA RECREACIÓN Y EL DEPORTE EN EL DEPARTAMENTO DEL TOLIMA,162 Dia(s),No,,Cédula de Ciudadanía,Cédula de Ciudadanía,Cédula de Ciudadanía,No,No definido,"CALLE 18  No. 7 - 30  INTERLAKEN 
Ibagué
Tolima
COLOMBIA",No definido,No definido,No definido,No definido,No definido,No,,,,
SANTIAGO DE CALI DISTRITO ESPECIAL - SECRETARIA DEL DEPORTE Y LA RECREACIÓN,890399011,Valle del Cauca,Cali,"Colombia,  Valle del Cauca ,  Cali",Territorial,deportes,Ejecutivo,Centralizada,CO1.BDOS.1840915,CO1.PCCNTR.2346139,4162.010.26.1.0684-2021,En ejecución,V1.80111500,"PRESTACIÓN DE SERVICIOS DE APOYO A LA GESTION PARA REALIZAR
ACTIVIDADES AFINES A LOS PROGRAMAS Y PROYECTOS QUE ADELANTA LA
SECRETARIA DEL DEPORTE Y LA RECREACIÓN DEL DISTRITO DE SANTIAGO DE
CALI; EN ESPECIAL EN LA EJECUCIÓN DEL PROYECTO DENOMINADO
RECREACIÓN A TRAVÉS DE EVENTOS RECREATIVOS CON PERSO",Prestación de servicios,Contratación directa,Servicios profesionales y apoyo a la gestión,2021-03-15T00:00:00.000,2021-03-18T00:00:00.000,2021-06-30T00:00:00.000,No Definido,Cédula de Ciudadanía,No,Si,No,No,No,No,No,Distribuido,Inversión,7872000,0,0,7872000,0,0,0,7872000,94464000,0,No,0,No aplica,No aplica,"{""url"": ""https://community.secop.gov.co/Public/Tendering/OpportunityDetail/Index?noticeUID=CO1.NTC.1840677&isFromPublicArea=True&isModal=true&asPopupView=true""}",CO,Cédula de Ciudadanía,No Definido,0,0,0,7872000,0,0,,702440603,,,"PRESTACIÓN DE SERVICIOS DE APOYO A LA GESTION PARA REALIZAR
ACTIVIDADES AFINES A LOS PROGRAMAS Y PROYECTOS QUE ADELANTA LA
SECRETARIA DEL DEPORTE Y LA RECREACIÓN DEL DISTRITO DE SANTIAGO DE
CALI; EN ESPECIAL EN LA EJECUCIÓN DEL PROYECTO DENOMINADO
RECREACIÓN A TRAVÉS DE EVENTOS RECREATIVOS CON PERSONAS EN
RIESGO SOCIAL DE SANTIAGO DE CALI. (FICHA EBI BP-26002786).",4 Mes(es),No,,Cédula de Ciudadanía,Cédula de Ciudadanía,No definido,No definido,No definido,"calle 9 carrera 37 a 01
Cali
Valle del Cauca
COLOMBIA",No definido,No definido,No definido,No definido,No definido,No,,,,
Concejo Municipal de Bello,890980112,Antioquia,Bello,"Colombia, Antioquia, Bello",Territorial,Servicio Público,Legislativo,Centralizada,CO1.BDOS.8115452,CO1.PCCNTR.7876049,CO1.PCCNTR.7876049,En ejecución,V1.80111501,"PRESTACIÓN DE SERVICIOS DE APOYO DENTRO DE LA UNIDAD DE APOYO DEL CONCEJAL CARLOS AUGUSTO MOSQUERA GOMEZ PARA GARANTIZAR EL CUMPLIMIENTO DE LAS FUNCIONES COMO CONCEJAL DEL MUNICIPIO DE BELLO ESTABLECIDAS EN LA CONSTITUCIÓN Y LA LEY

PRESTACIÓN DE SERVICIOS DE APOYO DENTRO DE LA UNIDAD DE APOYO DEL C",Prestación de servicios,Contratación directa,Servicios profesionales y apoyo a la gestión,2025-05-14T00:00:00.000,2025-05-19T00:00:00.000,2025-11-18T00:00:00.000,No Definido,Cédula de Ciudadanía,No,No,No,No,No,No,No,Recursos Propios,Funcionamiento,19946000,0,0,19946000,0,0,0,19946000,0,0,No,0,No aplica,No aplica,"{""url"": ""https://community.secop.gov.co/Public/Tendering/OpportunityDetail/Index?noticeUID=CO1.NTC.8134916&isFromPublicArea=True&isModal=true&asPopupView=true""}",CO,Cédula de Ciudadanía,Hombre,0,0,0,0,0,19946000,,706106986,,,"PRESTACIÓN DE SERVICIOS DE APOYO DENTRO DE LA UNIDAD DE APOYO DEL CONCEJAL CARLOS AUGUSTO MOSQUERA GOMEZ PARA GARANTIZAR EL CUMPLIMIENTO DE LAS FUNCIONES COMO CONCEJAL DEL MUNICIPIO DE BELLO ESTABLECIDAS EN LA CONSTITUCIÓN Y LA LEY

PRESTACIÓN DE SERVICIOS DE APOYO DENTRO DE LA UNIDAD DE APOYO DEL CONCEJAL CARLOS AUGUSTO MOSQUERA GOMEZ PARA GARANTIZAR EL CUMPLIMIENTO DE LAS FUNCIONES COMO CONCEJAL DEL MUNICIPIO DE BELLO ESTABLECIDAS EN LA CONSTITUCIÓN Y LA LEY",187 Dia(s),No,,No definido,No definido,No definido,No,No definido,"cra 50 # 52-63
Bello
Antioquia
COLOMBIA",No definido,No definido,No definido,No definido,No definido,No,,,,
SENA REGIONAL CHOCO Grupo de Apoyo Administrativo Mixto,899999034,Chocó,Quibdó,"Colombia, Chocó, Quibdó",Nacional,Trabajo,Ejecutivo,Centralizada,CO1.BDOS.3046657,CO1.PCCNTR.3827814,CO1.PCCNTR.3827814,Modificado,V1.80111600,Prestar servicios de apoyo a la gestión para el desarrollo de las actividades de construcción de vivienda con madera plástica; conexión y adecuación de equipos para fluido eléctrico; requeridas para el desarrollo del proyecto de l+D+i SGPS 10160,Prestación de servicios,Contratación directa,Servicios profesionales y apoyo a la gestión,2022-07-25T00:00:00.000,2022-07-28T00:00:00.000,2022-10-26T00:00:00.000,NXTWY.DLVY.2,Cédula de Ciudadanía,No,No,No,No,No,No,No,Distribuido,Inversión,6000000,0,6000000,0,6000000,0,0,0,101550000,0,No,0,No aplica,No aplica,"{""url"": ""https://community.secop.gov.co/Public/Tendering/OpportunityDetail/Index?noticeUID=CO1.NTC.3053608&isFromPublicArea=True&isModal=true&asPopupView=true""}",CO,Cédula de Ciudadanía,Hombre,6000000,0,0,0,0,0,2022-09-13T00:00:00.000,704154251,,,Prestar servicios de apoyo a la gestión para el desarrollo de las actividades de construcción de vivienda con madera plástica; conexión y adecuación de equipos para fluido eléctrico; requeridas para el desarrollo del proyecto de l+D+i SGPS 10160,90 Dia(s),No,,Cédula de Ciudadanía,Cédula de Ciudadanía,No definido,No,No definido,"Cra. 1 No. 28 - 71
Quibdó
Chocó
COLOMBIA",No definido,No definido,No definido,No definido,No definido,No,,,,
SANTIAGO DE CALI DISTRITO ESPECIAL - DEPARTAMENTO ADMINISTRATIVO DE CONTROL DISCIPLINARIO INTERNO,890399011,Valle del Cauca,Cali,"Colombia,  Valle del Cauca ,  Cali",Territorial,Servicio Público,Ejecutivo,Centralizada,CO1.BDOS.4433117,CO1.PCCNTR.4976280,4124.010.26.1.078-2023,Cerrado,V1.80111500,Prestar los servicios profesionales apoyando en las acciones pertinentes para la implementación; sensibilización y divulgación del Modelo Integrado de Planeación y Gestión MIPG; y la Norma Técnica de Calidad ISO 9001:2015 en el organismo; así mismo; apoyará al organismo en el acompañamiento a los lí,Prestación de servicios,Contratación directa,Servicios profesionales y apoyo a la gestión,2023-05-17T00:00:00.000,2023-05-18T00:00:00.000,2023-12-28T00:00:00.000,Como acordado previamente,Cédula de Ciudadanía,No,No,No,No,No,No,No,Distribuido,Funcionamiento,40432000,0,0,40432000,0,0,0,40432000,40432000,0,No,0,No aplica,No aplica,"{""url"": ""https://community.secop.gov.co/Public/Tendering/OpportunityDetail/Index?noticeUID=CO1.NTC.4435668&isFromPublicArea=True&isModal=true&asPopupView=true""}",CO,Cédula de Ciudadanía,No Definido,0,0,0,40432000,0,0,2024-02-20T00:00:00.000,703163568,,,Prestar los servicios profesionales apoyando en las acciones pertinentes para la implementación; sensibilización y divulgación del Modelo Integrado de Planeación y Gestión MIPG; y la Norma Técnica de Calidad ISO 9001:2015 en el organismo; así mismo; apoyará al organismo en el acompañamiento a los líderes de los procesos en la atención y preparación de las auditorías y requerimientos de los entes de control; proyectar para la firma del (la) Director(a) los oficios que en desarrollo del objeto el,8 Mes(es),No,,Cédula de Ciudadanía,Cédula de Ciudadanía,Cédula de Ciudadanía,No,No definido,"CAM Torre Alcaldia Piso 11
Cali
Valle del Cauca
COLOMBIA",No definido,No definido,No definido,No definido,No definido,No,,,,
MUNICIPIO DE NEIVA,891180009,Huila,Neiva,"Colombia,  Huila ,  Neiva",Territorial,Servicio Público,Ejecutivo,Centralizada,CO1.BDOS.4473079,CO1.PCCNTR.5042965,1859-2023,terminado,V1.85121608,PRESTACIÓN DE SERVICIOS PROFESIONALES EN PSICOLOGÍA PARA LLEVAR A CABO ACCIONES DE DIVULGACIÓN; SENSIBILIZACIÓN Y ARTICULACIÓN DE LA ESTRATEGIA DE PREVENCIÓN DE VIOLNECIA ALZA TU VOZ PRIMERO LAS MUJERES Y DAR CUMPLIMIENTO A LA POLÍTICA PÚBLICA DE MUJER Y EQUIDAD DE GENERO,Prestación de servicios,Contratación directa,Servicios profesionales y apoyo a la gestión,2023-06-06T00:00:00.000,2023-06-07T00:00:00.000,2023-09-29T00:00:00.000,Como acordado previamente,Cédula de Ciudadanía,No,No,No,No,No,No,No,Distribuido,Inversión,11200000,0,0,11200000,0,0,0,11200000,11200000,0,No,0,No aplica,No aplica,"{""url"": ""https://community.secop.gov.co/Public/Tendering/OpportunityDetail/Index?noticeUID=CO1.NTC.4477734&isFromPublicArea=True&isModal=true&asPopupView=true""}",CO,Cédula de Ciudadanía,Mujer,0,0,0,11200000,0,0,2023-11-20T00:00:00.000,700642036,,,PRESTACIÓN DE SERVICIOS PROFESIONALES EN PSICOLOGÍA PARA LLEVAR A CABO ACCIONES DE DIVULGACIÓN; SENSIBILIZACIÓN Y ARTICULACIÓN DE LA ESTRATEGIA DE PREVENCIÓN DE VIOLNECIA ALZA TU VOZ PRIMERO LAS MUJERES Y DAR CUMPLIMIENTO A LA POLÍTICA PÚBLICA DE MUJER Y EQUIDAD DE GENERO,4 Mes(es),No,,Cédula de Ciudadanía,Cédula de Ciudadanía,No definido,No,No definido,"Carrera 5 No. 9-74
Neiva
Huila
COLOMBIA",No definido,No definido,No definido,No definido,No definido,No,,,,
SANTIAGO DE CALI DISTRITO ESPECIAL - SECRETARÍA DE PAZ Y CULTURA CIUDADANA,890399011,Valle del Cauca,Cali,"Colombia,  Valle del Cauca ,  Cali",Territorial,No aplica/No pertenece,Ejecutivo,Centralizada,CO1.BDOS.5052076,CO1.PCCNTR.5458584,4164.010.26.1.952.2023,Cerrado,V1.80111500,"Prestación de Servicios Profesionales a la Secretaría de Paz y Cultura Ciudadana; dentro del proyecto denominado:
Fortalecimiento de las acciones de prevención de las vulneraciones y/o violaciones a los derechos humanos en NNAJ en Santiago de Cali",Prestación de servicios,Contratación directa,Servicios profesionales y apoyo a la gestión,2023-10-13T00:00:00.000,2023-10-14T00:00:00.000,2023-10-31T00:00:00.000,No Definido,Cédula de Ciudadanía,No,No,No,No,No,No,No,Distribuido,Inversión,5054000,0,0,5054000,0,0,0,5054000,31273000,0,No,0,No aplica,No aplica,"{""url"": ""https://community.secop.gov.co/Public/Tendering/OpportunityDetail/Index?noticeUID=CO1.NTC.5063800&isFromPublicArea=True&isModal=true&asPopupView=true""}",CO,Sin Descripcion,Mujer,0,0,0,5054000,0,0,2023-12-05T00:00:00.000,702364142,,,"Prestación de Servicios Profesionales a la Secretaría de Paz y Cultura Ciudadana; dentro del proyecto denominado:
Fortalecimiento de las acciones de prevención de las vulneraciones y/o violaciones a los derechos humanos en NNAJ en Santiago de Cali",18 Dia(s),No,,Cédula de Ciudadanía,Cédula de Ciudadanía,No definido,No,No definido,"Edificio San Marino Calle 14 N # 6N-23 
Cali
Valle del Cauca
COLOMBIA",No definido,No definido,No definido,No definido,No definido,No,,,,
SERVICIO NACIONAL DE APRENDIZAJE SENA REGIONAL CORDOBA,899999034,Córdoba,No Definido,"Colombia,  Córdoba , No Definido",Nacional,Trabajo,Ejecutivo,Centralizada,CO1.BDOS.7512081,CO1.PCCNTR.7420622,CO1.PCCNTR.7420622,Cerrado,V1.80111504,CONTRATAR LOS SERVICIOS PERSONALES DE CARÁCTER TEMPORAL COMO INSTRUCTOR CONTRATISTA PARA IMPARTIR FORMACIÓN PROFESIONAL INTEGRAL EN EL MARCO DEL PROGRAMA OFERTA REGULAR; TITULADA Y COMPLEMENTARIA PRESENCIAL Y VIRTUAL EN EL CENTRO DE COMERCIO INDUSTRIA Y TURISMO DEL SENA REGIONAL CÓRDOBA,Prestación de servicios,Contratación directa,Servicios profesionales y apoyo a la gestión,2025-02-14T00:00:00.000,2025-02-20T00:00:00.000,2025-12-23T00:00:00.000,NXTWY.DLVY.2,Cédula de Ciudadanía,No,No,No,No,No,No,No,Distribuido,Inversión,47988231,0,47988231,0,47988231,0,0,0,7630177082,0,No,0,No aplica,No aplica,"{""url"": ""https://community.secop.gov.co/Public/Tendering/OpportunityDetail/Index?noticeUID=CO1.NTC.7526090&isFromPublicArea=True&isModal=true&asPopupView=true""}",CO,Sin Descripcion,Mujer,47988231,0,0,0,0,0,2026-09-14T00:00:00.000,702870601,,,CONTRATAR LOS SERVICIOS PERSONALES DE CARÁCTER TEMPORAL COMO INSTRUCTOR CONTRATISTA PARA IMPARTIR FORMACIÓN PROFESIONAL INTEGRAL EN EL MARCO DEL PROGRAMA OFERTA REGULAR; TITULADA Y COMPLEMENTARIA PRESENCIAL Y VIRTUAL EN EL CENTRO DE COMERCIO INDUSTRIA Y TURISMO DEL SENA REGIONAL CÓRDOBA,313 Dia(s),No,,Cédula de Ciudadanía,Cédula de Ciudadanía,Cédula de Ciudadanía,No,No definido,"CALLE 24 Y 27 CON AV CIRCUNVALAR
Montería
Córdoba
COLOMBIA",No definido,No definido,No definido,No definido,No definido,No,,,,
IMVIYUMBO,800173492,Valle del Cauca,Yumbo,"Colombia,  Valle del Cauca ,  Yumbo",Territorial,"Vivienda, Ciudad y Territorio",Ejecutivo,Descentralizada,CO1.BDOS.6102612,CO1.PCCNTR.6316025,CPS-130-12-09-102-2024,Cerrado,V1.80111600,PRESTAR POR SUS PROPIOS MEDIOS Y AUTONOMÍA ADMINISTRATIVA LOS SERVICIOS PROFESIONALES COMO TOPOGRAFO EN EL PROYECTO IMPLEMENTACION DE PROGRAMAS PARA LA ADJUDICACION DE SUBSIDIOS DE MEJORAMIENTO DE VIVIENDA EN EL INSTITUTO MUNICIPAL DE REFORMA URBANA Y DE VIVIENDA DEL MUNICIPIO DE YUMBO - IMVIYUMBO,Prestación de servicios,Contratación directa,Servicios profesionales y apoyo a la gestión,2024-05-14T00:00:00.000,2024-05-14T00:00:00.000,2024-12-27T00:00:00.000,NXTWY.DLVY.2,Cédula de Ciudadanía,No,No,No,No,No,No,No,Distribuido,Inversión,31416000,0,31416000,0,31416000,0,0,0,31416000,0,No,0,No aplica,No aplica,"{""url"": ""https://community.secop.gov.co/Public/Tendering/OpportunityDetail/Index?noticeUID=CO1.NTC.6110687&isFromPublicArea=True&isModal=true&asPopupView=true""}",CO,Cédula de Ciudadanía,Hombre,0,0,0,31416000,0,0,2025-03-18T00:00:00.000,701724593,,,PRESTAR POR SUS PROPIOS MEDIOS Y AUTONOMÍA ADMINISTRATIVA LOS SERVICIOS PROFESIONALES COMO TOPOGRAFO EN EL PROYECTO IMPLEMENTACION DE PROGRAMAS PARA LA ADJUDICACION DE SUBSIDIOS DE MEJORAMIENTO DE VIVIENDA EN EL INSTITUTO MUNICIPAL DE REFORMA URBANA Y DE VIVIENDA DEL MUNICIPIO DE YUMBO - IMVIYUMBO,231 Dia(s),No,,Cédula de Ciudadanía,Cédula de Ciudadanía,No definido,No,No definido,"Calle 2 N° 3  22  Barrio Belalcazar; Yumbo  Valle del Cauca
Yumbo
Valle del Cauca
COLOMBIA",No definido,No definido,No definido,No definido,No definido,No,,,,
PERSONERIA MUNICIPAL DE FUNZA,832000814,Cundinamarca,Funza,"Colombia,  Cundinamarca ,  Funza",Nacional,Ley de Justicia,Corporación Autónoma,Centralizada,CO1.BDOS.2854818,CO1.PCCNTR.3614303,Aceptación de oferta de mínima cuantía No. 002-2022,terminado,V1.82101500,SUMINISTRO DE ELEMENTOS DE PUBLICIDAD EN FORMATO DE TEXTO; INFOGRAFIAS Y/O AVISOS A TRAVÉS DE MEDIOS IMPRESOS QUE PERMITAN DAR A CONOCER LOS PROGRAMAS; PROYECTOS Y SERVICIOS DE LA PERSONERIA MUNICIPAL.,Suministros,Mínima cuantía,Presupuesto inferior al 10% de la menor cuantía,2022-03-25T00:00:00.000,2022-03-28T00:00:00.000,2022-12-27T00:00:00.000,A convenir,Cédula de Ciudadanía,No,Si,No,No,No,No,No,Distribuido,Funcionamiento,10000000,0,7513540,2486460,7513540,0,0,2486460,10000000,0,No,0,No aplica,No aplica,"{""url"": ""https://community.secop.gov.co/Public/Tendering/OpportunityDetail/Index?noticeUID=CO1.NTC.2861981&isFromPublicArea=True&isModal=true&asPopupView=true""}",CO,Cédula de Ciudadanía,Hombre,0,0,0,10000000,0,0,2023-06-06T00:00:00.000,704059815,,,SUMINISTRO DE ELEMENTOS DE PUBLICIDAD EN FORMATO DE TEXTO; INFOGRAFIAS Y/O AVISOS A TRAVÉS DE MEDIOS IMPRESOS QUE PERMITAN DAR A CONOCER LOS PROGRAMAS; PROYECTOS Y SERVICIOS DE LA PERSONERIA MUNICIPAL.,9 Mes(es),No,,Cédula de Ciudadanía,Cédula de Ciudadanía,No definido,No,No definido,"CALLE 11 # 15-45/65 BARRIO LA CHAGUYA
Funza
Cundinamarca
COLOMBIA",No definido,No definido,No definido,No definido,No definido,No,,,,
ESAP SEDE CENTRAL (Cuenta Oficial),899999054,Distrito Capital de Bogotá,Bogotá,"Colombia, Bogotá,  Bogotá",Nacional,Servicio Público,Ejecutivo,Centralizada,CO1.BDOS.5445671,CO1.PCCNTR.5763095,BOG-227-2024,Cerrado,V1.93151500,Prestar servicios profesionales de carácter administrativo y financiero para los diferentes procesos que adelanta la Subdirección Nacional de Investigaciones en el marco de los proyectos de inversión que tiene a su cargo.,Prestación de servicios,Contratación directa,Servicios profesionales y apoyo a la gestión,2024-01-18T00:00:00.000,2024-01-18T00:00:00.000,2024-12-30T00:00:00.000,NXTWY.DLVY.2,Cédula de Ciudadanía,No,No,No,No,No,No,No,Recursos Propios,Inversión,88328333,0,78990767,9337566,78990767,0,0,9337566,90852000,0,No,0,No aplica,No aplica,"{""url"": ""https://community.secop.gov.co/Public/Tendering/OpportunityDetail/Index?noticeUID=CO1.NTC.5460195&isFromPublicArea=True&isModal=true&asPopupView=true""}",CO,Sin Descripcion,No Definido,0,0,0,0,0,88328333,2026-08-31T00:00:00.000,701255226,,,Prestar servicios profesionales de carácter administrativo y financiero para los diferentes procesos que adelanta la Subdirección Nacional de Investigaciones en el marco de los proyectos de inversión que tiene a su cargo.,342 Dia(s),No,,Cédula de Ciudadanía,Cédula de Ciudadanía,No definido,No,No definido,"Calle 44 # 53-37
Bogotá
Distrito Capital de Bogotá
COLOMBIA",No definido,No definido,No definido,No definido,No definido,No,,,,
ALCALDÍA MUNICIPAL DE ROLDANILLO,891900289,Valle del Cauca,Roldanillo,"Colombia,  Valle del Cauca ,  Roldanillo",Nacional,Servicio Público,Ejecutivo,Centralizada,CO1.BDOS.3096774,CO1.PCCNTR.3873492,MRCPS121DE2022,Cerrado,V1.80111600,PRESTACIÓN DE SERVICIOS DE APOYO A LA GESTIÓN EN LO CONCERNIENTE Al DESAROOLLO DEL PLAN ESTRATEGICO DE TALENTO HUMANO EN LA SECRETARIA DE DESARROLLO INSTITUCIONAL DEL MUNICIPIO DE ROLDANILLO VALLE DEL CAUCA,Prestación de servicios,Contratación directa,Servicios profesionales y apoyo a la gestión,2022-08-03T00:00:00.000,2022-08-03T00:00:00.000,2022-12-30T00:00:00.000,No Definido,Cédula de Ciudadanía,No,No,No,No,No,No,No,Distribuido,Funcionamiento,7500000,0,7300000,200000,7300000,0,0,200000,7500000,0,No,0,No aplica,No aplica,"{""url"": ""https://community.secop.gov.co/Public/Tendering/OpportunityDetail/Index?noticeUID=CO1.NTC.3102033&isFromPublicArea=True&isModal=true&asPopupView=true""}",CO,Cédula de Ciudadanía,Mujer,0,0,0,7500000,0,0,2023-06-28T00:00:00.000,704271436,,,PRESTACIÓN DE SERVICIOS DE APOYO A LA GESTIÓN EN LO CONCERNIENTE Al DESAROOLLO DEL PLAN ESTRATEGICO DE TALENTO HUMANO EN LA SECRETARIA DE DESARROLLO INSTITUCIONAL DEL MUNICIPIO DE ROLDANILLO VALLE DEL CAUCA,150 Dia(s),No,,Cédula de Ciudadanía,Cédula de Ciudadanía,No definido,No,No definido,"Carrera 7 # 7-17
Roldanillo
Valle del Cauca
COLOMBIA",No definido,No definido,No definido,No definido,No definido,No,,,,
MINTRABAJO NIVEL CENTRAL*/,830115226,Distrito Capital de Bogotá,Bogotá,"Colombia, Bogotá, Bogotá",Nacional,Trabajo,Ejecutivo,Centralizada,CO1.BDOS.9622919,CO1.PCCNTR.9014851,CPS-MT-421-2026,Modificado,V1.80111600,240-PRESTAR SERVICIOS PROFESIONALES PARA LIDERAR LA PARRILLA DIGITAL Y LA GESTIÓN DE COMUNIDADES DIGITALES DE LA ENTIDAD; ORIENTADAS A LA DIVULGACIÓN PREVENTIVA Y PROMOCIÓN DEL CUMPLIMIENTO DE LA NORMATIVIDAD LABORAL EN EL MARCO DE LAS FUNCIONES DE INSPECCIÓN; VIGILANCIA Y CONTROL.,Prestación de servicios,Contratación directa,Servicios profesionales y apoyo a la gestión,2026-01-20T00:00:00.000,2026-02-02T00:00:00.000,2026-08-01T00:00:00.000,NXTWY.DLVY.2,Cédula de Ciudadanía,No,No,No,No,No,No,No,Distribuido,Inversión,38400000,0,31360000,13440000,24960000,0,0,13440000,38400000,0,No,12,No aplica,No aplica,"{""url"": ""https://community.secop.gov.co/Public/Tendering/OpportunityDetail/Index?noticeUID=CO1.NTC.9648441&isFromPublicArea=True&isModal=true&asPopupView=true""}",CO,Sin Descripcion,No Definido,38400000,0,0,0,0,0,2026-02-27T00:00:00.000,700094030,,,240-PRESTAR SERVICIOS PROFESIONALES PARA LIDERAR LA PARRILLA DIGITAL Y LA GESTIÓN DE COMUNIDADES DIGITALES DE LA ENTIDAD; ORIENTADAS A LA DIVULGACIÓN PREVENTIVA Y PROMOCIÓN DEL CUMPLIMIENTO DE LA NORMATIVIDAD LABORAL EN EL MARCO DE LAS FUNCIONES DE INSPECCIÓN; VIGILANCIA Y CONTROL.,6 Mes(es),Si,,Cédula de Ciudadanía,Cédula de Ciudadanía,No definido,No,No definido,"Bogota
Bogotá
Distrito Capital de Bogotá
COLOMBIA",No definido,No definido,No definido,No definido,No definido,No,,,,
ESE HOSPITAL MUNICIPAL DE SABANAGRANDE,802003081,Atlántico,No Definido,"Colombia,  Atlántico , No Definido",Territorial,Salud y Protección Social,Ejecutivo,Centralizada,CO1.BDOS.5086342,CO1.PCCNTR.5486748,CO1.PCCNTR.5486748,Borrador,V1.85101600,Sin Descripcion,Prestación de servicios,Contratación régimen especial,Regla aplicable,,,2023-11-30T00:00:00.000,No Definido,No Definido,No,No,No,No,No,No,No,Distribuido,Funcionamiento,0,0,0,0,0,0,0,0,0,0,No,0,No aplica,No aplica,"{""url"": ""https://community.secop.gov.co/Public/Tendering/OpportunityDetail/Index?noticeUID=CO1.NTC.5099226&isFromPublicArea=True&isModal=true&asPopupView=true""}",No definido,Sin Descripcion,No Definido,0,1334000,0,0,0,0,,702380296,,,No definido,2 Mes(es),No,,No definido,No definido,No definido,No,No definido,"CRA 11 9 50
Sabanagrande
Atlántico
COLOMBIA",No definido,No definido,No definido,No definido,No definido,No definido,,,,
UNIDAD ADMINISTRATIVA ESPECIAL DE GESTION DE RESTITUCION DE TIERRAS DESPOJADAS**,900498879,Distrito Capital de Bogotá,Bogotá,"Colombia, Bogotá, Bogotá",Nacional,Inclusión Social y Reconciliación,Ejecutivo,Centralizada,CO1.BDOS.1037260,CO1.PCCNTR.1272153,0239-2020,Cerrado,V1.80111500,Prestar sus servicios profesionales con plena autonomía técnica y administrativa para asesorar; apoyar y acompañar a la Secretaría General en las actividades relacionadas con sus funciones; mediante la interlocución y relacionamiento con las dependencias y/o grupos de trabajo que por su naturaleza l,Prestación de servicios,Contratación directa,Servicios profesionales y apoyo a la gestión,2020-01-13T00:00:00.000,2020-01-14T00:00:00.000,2020-12-31T00:00:00.000,No Definido,Cédula de Ciudadanía,No,No,No Definido,No,No,No,No,Distribuido,Inversión,171511812,0,171511812,0,171511812,0,0,0,1558226487,0,No,0,No aplica,No aplica,"{""url"": ""https://community.secop.gov.co/Public/Tendering/OpportunityDetail/Index?noticeUID=CO1.NTC.1037401&isFromPublicArea=True&isModal=true&asPopupView=true""}",CO,Cédula de Ciudadanía,Mujer,0,0,0,0,0,0,2023-10-09T00:00:00.000,700447030,,,Prestar sus servicios profesionales con plena autonomía técnica y administrativa para asesorar; apoyar y acompañar a la Secretaría General en las actividades relacionadas con sus funciones; mediante la interlocución y relacionamiento con las dependencias y/o grupos de trabajo que por su naturaleza lo requieran; así como ejercer la supervisión que le sea asignada bajo los parámetros definidos por la ley 1474 de 2011.,Dia(s),No,,Cédula de Ciudadanía,Cédula de Ciudadanía,No definido,No definido,No definido,"AVENIDA CALLE 26 No 85 B - 09
Bogotá
Distrito Capital de Bogotá
COLOMBIA",No definido,No definido,No definido,No definido,No definido,No,,,,
HOSPITAL LOCAL PRIMER NIVEL E.S.E. FUENTEDEORO,822001570,Meta,Fuente De Oro,"Colombia,  Meta ,  Fuente De Oro",Territorial,Salud y Protección Social,Ejecutivo,Centralizada,CO1.BDOS.10805801,CO1.PCCNTR.9908188,237-2026,Cancelado,V1.85121608,PRESTAR SERVICIOS PROFESIONALES EN PSICOLOGIA PARA LA REALIZACIÓN DEL PROCEDIMIENTO DE CERTIFICACIÓN DE DISCAPACIDAD DE ACUERDO CON LA RESOLUCION VIGENTE EN EL HOSPITAL LOCAL PRIMER NIVEL ESE FUENTEDEORO.,Decreto 092 de 2017,Contratación régimen especial,Decreto 092 de 2017,,,2026-11-30T00:00:00.000,NXTWY.DLVY.2,Cédula de Ciudadanía,No,No,No,No,No,No,No,Recursos Propios,Funcionamiento,0,0,0,0,0,0,0,0,0,0,No,0,No aplica,No aplica,"{""url"": ""https://community.secop.gov.co/Public/Tendering/OpportunityDetail/Index?noticeUID=CO1.NTC.10844620&isFromPublicArea=True&isModal=true&asPopupView=true""}",CO,Sin Descripcion,No Definido,0,0,0,0,0,11400000,,702814047,,,PRESTAR SERVICIOS PROFESIONALES EN PSICOLOGIA PARA LA REALIZACIÓN DEL PROCEDIMIENTO DE CERTIFICACIÓN DE DISCAPACIDAD DE ACUERDO CON LA RESOLUCION VIGENTE EN EL HOSPITAL LOCAL PRIMER NIVEL ESE FUENTEDEORO.,3 Mes(es),Si,,Cédula de Ciudadanía,Cédula de Ciudadanía,No definido,No,No definido,"CALLE 14 # 14-36
Fuente De Oro
Meta
COLOMBIA",No definido,No definido,No definido,No definido,No definido,No,,,,
EMPRESA SOCIAL DEL ESTADO CAMILO TRUJILLO SILVA DE PALESTINA HUILA,813011505,Huila,Palestina,"Colombia,  Huila ,  Palestina",Territorial,Salud y Protección Social,Corporación Autónoma,Descentralizada,CO1.BDOS.8713054,CO1.PCCNTR.8299531,ESECTS-CON-CD-PS-280-2025,terminado,V1.80161502,prestar los servicios de apoyo a la gestión como GESTOR COMUNITARIO DEL PROGRAMA DE EQUIPOS BÁSICOS DE SALUD; EN LA EJECUCIÓN DE LOS RECURSOS DE LA RESOLUCIÓN No. 709 DE 2025 EXPEDIDA POR EL MINISTERIO DE SALUD Y PROTECCIÓN SOCIAL.,Prestación de servicios,Contratación régimen especial,Regla aplicable,2025-09-20T00:00:00.000,2025-09-20T00:00:00.000,2025-12-31T00:00:00.000,NXTWY.DLVY.2,Cédula de Ciudadanía,No,No,No,No,No,No,No,Distribuido,Funcionamiento,7466666.67,0,6666666,800000.67,6666666,0,0,800000.67,0,0,No,0,No aplica,No aplica,"{""url"": ""https://community.secop.gov.co/Public/Tendering/OpportunityDetail/Index?noticeUID=CO1.NTC.8744341&isFromPublicArea=True&isModal=true&asPopupView=true""}",CO,Sin Descripcion,Mujer,0,0,0,7466667,0,0,2026-02-18T00:00:00.000,703070524,,,prestar los servicios de apoyo a la gestión como GESTOR COMUNITARIO DEL PROGRAMA DE EQUIPOS BÁSICOS DE SALUD; EN LA EJECUCIÓN DE LOS RECURSOS DE LA RESOLUCIÓN No. 709 DE 2025 EXPEDIDA POR EL MINISTERIO DE SALUD Y PROTECCIÓN SOCIAL.,114 Dia(s),No,,Cédula de Ciudadanía,Cédula de Ciudadanía,Cédula de Ciudadanía,No,No definido,"CRA 8 #3-13
Palestina
Huila
COLOMBIA",No definido,No definido,No definido,No definido,No definido,No,,,,
ALCALDIA MUNICIPIO DE SAN GIL - SANTANDER,800099824,Santander,San Gil,"Colombia,  Santander ,  San Gil",Territorial,No aplica/No pertenece,Ejecutivo,Centralizada,CO1.BDOS.10499776,CO1.PCCNTR.9684180,CPS-344-2026,En ejecución,V1.80111501,PRESTAR SERVICIOS PROFESIONALES COMO ABOGADO EN LA SECRETARÍA DE TRÁNSITO DEL MUNICIPIO DE SAN GIL; PARA LA SENSIBILIZACION DE LOS ACTORES VIALES; LA ORIENTACION JURIDICA EN MATERIA DE NORMAS DE TRANSITO; Y APOYO COMO COORDINADOR EN LOS PROCESOS JURIDICOS Y ADMINSTRATIVOS PROPIOS DE LA DEPENDENCIA,Prestación de servicios,Contratación directa,Servicios profesionales y apoyo a la gestión,2026-07-17T00:00:00.000,2026-07-21T00:00:00.000,2026-11-20T00:00:00.000,No Definido,Cédula de Ciudadanía,No,No,No,No,No,No,No,Distribuido,Inversión,14600000,0,3650000,10950000,3650000,0,0,10950000,0,0,No,0,No aplica,No aplica,"{""url"": ""https://community.secop.gov.co/Public/Tendering/OpportunityDetail/Index?noticeUID=CO1.NTC.10538057&isFromPublicArea=True&isModal=true&asPopupView=true""}",CO,Cédula de Ciudadanía,Hombre,0,0,0,14600000,0,0,,700043011,,,PRESTAR SERVICIOS PROFESIONALES COMO ABOGADO EN LA SECRETARÍA DE TRÁNSITO DEL MUNICIPIO DE SAN GIL; PARA LA SENSIBILIZACION DE LOS ACTORES VIALES; LA ORIENTACION JURIDICA EN MATERIA DE NORMAS DE TRANSITO; Y APOYO COMO COORDINADOR EN LOS PROCESOS JURIDICOS Y ADMINSTRATIVOS PROPIOS DE LA DEPENDENCIA,4 Mes(es),No,,Cédula de Ciudadanía,Cédula de Ciudadanía,Cédula de Ciudadanía,No,No definido,"Calle 12 número 9 - 51
San Gil
Santander
COLOMBIA",No definido,No definido,No definido,No definido,No definido,No,,,,
ALCALDÍA DISTRITAL DE SANTA MARTA,891780009,Magdalena,Santa Marta,"Colombia,  Magdalena ,  Santa Marta",Territorial,Servicio Público,Ejecutivo,Centralizada,CO1.BDOS.4426664,CO1.PCCNTR.5014495,CONVENIO ESAL-009-2023,Modificado,V1.80111600,AUNAR ESFUERZOS PARA LA ATENCIÓN A LA POBLACIÓN VULNERABLE RESIDENTE EN EL DTCH DE SANTA MARTA.,Decreto 092 de 2017,Contratación régimen especial (con ofertas),Decreto 092 de 2017,2023-06-01T00:00:00.000,2023-06-06T00:00:00.000,2023-12-31T00:00:00.000,A convenir,NIT,No,No,No,No,No,No,No,Distribuido,Inversión,2257010679,0,0,2257010679,0,0,0,2257010679,2172841581,0,No,0,No aplica,No aplica,"{""url"": ""https://community.secop.gov.co/Public/Tendering/OpportunityDetail/Index?noticeUID=CO1.NTC.4429570&isFromPublicArea=True&isModal=true&asPopupView=true""}",CO,Cédula de Ciudadanía,Hombre,0,2029714735,0,0,0,227295944,2023-10-11T00:00:00.000,702354598,,,AUNAR ESFUERZOS PARA LA ATENCIÓN A LA POBLACIÓN VULNERABLE RESIDENTE EN EL DTCH DE SANTA MARTA.,230 Dia(s),No,,Cédula de Ciudadanía,Cédula de Ciudadanía,No definido,No,No definido,"Calle 14 # 2-49
Santa Marta
Magdalena
COLOMBIA",No definido,No definido,No definido,No definido,No definido,No,,,,
DEPARTAMENTO ADMINISTRATIVO NACIONAL DE ESTADÍSTICA - DIR TER NOROCCIDENTE - (DANE NOROCCIDENTE),899999027,Antioquia,No Definido,"Colombia,  Antioquia , No Definido",Nacional,Información Estadística,Ejecutivo,Centralizada,CO1.BDOS.1143716,CO1.PCCNTR.1523726,CO1.PCCNTR.1523726,Cerrado,V1.72101511,Prestar el servicio de Mantenimiento Preventivo y Correctivo; así como de soporte técnico; incluido repuesto y mano de obra; a las unidades de aire acondicionado de la Territorial Noroccidente en la Sede Medellín; Sede Montería y Sede Quibdó,Obra,Mínima cuantía,Presupuesto inferior al 10% de la menor cuantía,2020-04-27T00:00:00.000,2020-04-27T00:00:00.000,2020-12-15T00:00:00.000,Como acordado previamente,Cédula de Ciudadanía,No,Si,No,No,No,No,No,Distribuido,Inversión,18403000,0,18403000,0,18403000,0,0,0,18403000,0,No,0,No aplica,No aplica,"{""url"": ""https://community.secop.gov.co/Public/Tendering/OpportunityDetail/Index?noticeUID=CO1.NTC.1164598&isFromPublicArea=True&isModal=true&asPopupView=true""}",CO,Sin Descripcion,No Definido,0,0,0,0,0,0,2023-12-26T00:00:00.000,702861493,,,Prestar el servicio de Mantenimiento Preventivo y Correctivo; así como de soporte técnico; incluido repuesto y mano de obra; a las unidades de aire acondicionado de la Territorial Noroccidente en la Sede Medellín; Sede Montería y Sede Quibdó,Dia(s),No,,Cédula de Ciudadanía,Cédula de Ciudadanía,No definido,No definido,No definido,"Calle 44  65 23 EDIFICIO DANE
Medellín
Antioquia
COLOMBIA",No definido,No definido,No definido,No definido,No definido,No,,,,
INSTITUTO MUNICIPAL PARA LA RECREACION Y EL DEPORTE DE SOACHA,832000906,Cundinamarca,Soacha,"Colombia,  Cundinamarca ,  Soacha",Territorial,deportes,Corporación Autónoma,Centralizada,CO1.BDOS.3097858,CO1.PCCNTR.3872375,497-2022,terminado,V1.80111600,PRESTACIÓN DE SERVICIOS COMO ORIENTADOR PROFESIONAL PARA EL RENDIMIENTO DEPORTIVO Y ALTOS LOGROS,Prestación de servicios,Contratación directa,Servicios profesionales y apoyo a la gestión,2022-08-02T00:00:00.000,2022-08-05T00:00:00.000,2022-11-30T00:00:00.000,NXTWY.DLVY.2,Cédula de Ciudadanía,No,No,No,No,No,No,No,Recursos Propios,Inversión,11986667,0,5786667,11986667,0,0,0,11986667,11986667,0,No,0,No aplica,No aplica,"{""url"": ""https://community.secop.gov.co/Public/Tendering/OpportunityDetail/Index?noticeUID=CO1.NTC.3100269&isFromPublicArea=True&isModal=true&asPopupView=true""}",CO,Sin Descripcion,No Definido,0,0,0,0,0,11986667,2023-12-29T00:00:00.000,713824894,,,PRESTACIÓN DE SERVICIOS COMO ORIENTADOR PROFESIONAL PARA EL RENDIMIENTO DEPORTIVO Y ALTOS LOGROS,3 Mes(es),Si,,Cédula de Ciudadanía,Cédula de Ciudadanía,No definido,No,No definido,"CARRERA 8 No. 16-05
Soacha
Cundinamarca
COLOMBIA",No definido,No definido,No definido,No definido,No definido,No,,,,
SUBRED INTEGRADA DE SERVICIOS DE SALUD SUR E.S.E.**,900958564,Distrito Capital de Bogotá,Bogotá,"Colombia, Bogotá, Bogotá",Territorial,Salud y Protección Social,Ejecutivo,Descentralizada,CO1.BDOS.2794047,CO1.PCCNTR.3538840,3792-2022,Modificado,V1.80111701,PRESTAR SERVICIOS COMO TÉCNICO DE APOYO A LA GESTIÓN ASISTENCIAL,Prestación de servicios,Contratación régimen especial,Regla aplicable,2022-02-03T00:00:00.000,2022-02-03T00:00:00.000,2024-01-31T00:00:00.000,NXTWY.DLVY.2,Cédula de Ciudadanía,No,No,No,No,No,No,No,Recursos Propios,Funcionamiento,43977615,0,0,43977615,0,0,0,43977615,17645742248,0,No,0,No aplica,No aplica,"{""url"": ""https://community.secop.gov.co/Public/Tendering/OpportunityDetail/Index?noticeUID=CO1.NTC.2798628&isFromPublicArea=True&isModal=true&asPopupView=true""}",CO,Sin Descripcion,No Definido,0,0,0,0,0,43977615,2024-01-20T00:00:00.000,702730482,,,PRESTAR SERVICIOS COMO TÉCNICO DE APOYO A LA GESTIÓN ASISTENCIAL,699 Dia(s),No,,No definido,Cédula de Ciudadanía,No definido,No,No definido,"CARRERA 20 No. 47 B 35 SUR
Bogotá
Distrito Capital de Bogotá
COLOMBIA",No definido,No definido,No definido,No definido,No definido,No,,,,
INSTITUTO DISTRITAL PARA LA PROTECCIÓN DE LA NIÑEZ Y LA JUVENTUD - IDIPRON*,899999333,Distrito Capital de Bogotá,No Definido,"Colombia, Bogotá, No Definido",Territorial,Salud y Protección Social,Ejecutivo,Centralizada,CO1.BDOS.7044580,CO1.PCCNTR.7033098,2024-2927,En ejecución,V1.80111600,PRESTAR SERVICIOS COMO PROMOTOR CON AUTONOMÍA TÉCNICA; ADMINISTRATIVA Y FINANCIERA EN LA EJECUCIÓN DE ACTIVIDADES; PEDAGÓGICAS Y SOCIALES DE LA GERENCIA TERRITORIO EN PROCESOS DE FOCALIZACIÓN Y ATENCIÓN DE NNAJ OBJETO DE ATENCIÓN MISIONAL.,Prestación de servicios,Contratación directa,Servicios profesionales y apoyo a la gestión,2024-11-18T00:00:00.000,2024-11-26T00:00:00.000,2025-01-25T00:00:00.000,NXTWY.DLVY.6,Cédula de Ciudadanía,No,No,No,No,No,No,No,Distribuido,Inversión,4531276,0,0,4531276,0,0,0,4531276,0,0,No,0,No aplica,No aplica,"{""url"": ""https://community.secop.gov.co/Public/Tendering/OpportunityDetail/Index?noticeUID=CO1.NTC.7059469&isFromPublicArea=True&isModal=true&asPopupView=true""}",CO,Sin Descripcion,No Definido,0,0,0,4531276,0,0,,700367014,,,PRESTAR SERVICIOS COMO PROMOTOR CON AUTONOMÍA TÉCNICA; ADMINISTRATIVA Y FINANCIERA EN LA EJECUCIÓN DE ACTIVIDADES; PEDAGÓGICAS Y SOCIALES DE LA GERENCIA TERRITORIO EN PROCESOS DE FOCALIZACIÓN Y ATENCIÓN DE NNAJ OBJETO DE ATENCIÓN MISIONAL.,2 Mes(es),No,,No definido,No definido,No definido,No,No definido,"CALLE 18 ·15- 62
Bogotá
Distrito Capital de Bogotá
COLOMBIA",No definido,No definido,No definido,No definido,No definido,No,,,,
ALCALDIA MUNICIPAL DE OCAÑA,890501102,Norte de Santander,Ocaña,"Colombia, Norte de Santander, Ocaña",Territorial,Servicio Público,Ejecutivo,Centralizada,CO1.BDOS.4586820,CO1.PCCNTR.5101623,CO1.PCCNTR.5101623,Cerrado,V1.80111620,PRESTACIÓN DE SERVICIOS DE PROFESIONALES COMO ABOGADA DEL ÁREA DE DERECHOS HUMANOS; DERECHO INTERNACIONAL HUMANITARIO; PROMOCIÓN DE LA PAZ Y COORDINACIÓN DEL PUNTO DE ATENCIÓN A VÍCTIMAS DE LA SECRETARIA DE GOBIERNO MUNICIPAL; APOYANDO JURIDICAMENTE LOS PROCEDIMIENTOS ESTABLECIDOS PARA LA ATENCIÓN;,Prestación de servicios,Contratación directa,Servicios profesionales y apoyo a la gestión,2023-06-20T00:00:00.000,2023-06-20T00:00:00.000,2023-10-31T00:00:00.000,No Definido,Cédula de Ciudadanía,No,No,No,Si,No,No,No,Distribuido,Inversión,9606600,0,9606600,0,9606600,0,0,0,9606600,0,No,0,No aplica,No aplica,"{""url"": ""https://community.secop.gov.co/Public/Tendering/OpportunityDetail/Index?noticeUID=CO1.NTC.4596778&isFromPublicArea=True&isModal=true&asPopupView=true""}",CO,Sin Descripcion,Mujer,0,0,0,9606600,0,0,2023-12-27T00:00:00.000,703478552,2023-11-01T00:00:00.000,2024-03-31T00:00:00.000,PRESTACIÓN DE SERVICIOS DE PROFESIONALES COMO ABOGADA DEL ÁREA DE DERECHOS HUMANOS; DERECHO INTERNACIONAL HUMANITARIO; PROMOCIÓN DE LA PAZ Y COORDINACIÓN DEL PUNTO DE ATENCIÓN A VÍCTIMAS DE LA SECRETARIA DE GOBIERNO MUNICIPAL; APOYANDO JURIDICAMENTE LOS PROCEDIMIENTOS ESTABLECIDOS PARA LA ATENCIÓN; ORIENTACIÓN Y ENTREGA DE AYUDA HUMANITARIA INMEDIATA A LA POBLACIÓN VÍCTIMA DEL CONFLICTO,131 Dia(s),No,,Cédula de Ciudadanía,Cédula de Ciudadanía,No definido,No,No definido,"CARRERA 12 No.10-42
Ocaña
Norte de Santander
COLOMBIA",No definido,No definido,No definido,No definido,No definido,No,,,,
